*************************************************
******************* ORCA 6.1.1 ******************
*************************************************
$Calculation_Status
   &GeometryIndex 13
   &version [&Type "String"] "6.1.1"
   &progName [&Type "String"] "LeanSCF"
   &Status [&Type "String"] "NORMAL TERMINATION"
$End
$Geometry
   &GeometryIndex 1
   &NAtoms [&Type "Integer"] 61
   &NCorelessECP [&Type "Integer"] 0
   &NGhostAtoms [&Type "Integer"] 0
   &CartesianCoordinates [&Type "Coordinates", &Dim(61,4), &Units "Bohr"] 
              O    -15.309884615074    0.437186251357   -1.676171962979
              C    -13.752177693704   -1.167932008987   -1.123187073588
              N    -13.430117337879   -3.394021835842   -2.347793859058
              C    -11.402764339350   -4.726896700702   -1.527210521020
              O    -10.586158874825   -6.647999847351   -2.499916812838
              C    -10.341471465826   -3.455403920124    0.793777572827
              C     -7.485607728129   -3.091597624274    0.606486815695
              C     -6.563718061778   -1.206506988559    2.588422136320
              C     -3.821596940081   -0.540739464043    2.188089324028
              O     -2.126746923994   -2.106447485864    2.117746158419
              N     -3.601542111238    2.009956179740    1.850497309107
              C     -1.252421664435    3.298913809248    1.148293975003
              C      0.920398672431    2.837348201037    3.030327033833
              C      3.102164972814    1.316496608458    1.913468653068
              C      4.192087197267    2.527733581530   -0.497147261586
              C      5.788427679719    0.616056388837   -2.024990840861
              C      8.044785250060   -0.569693847867   -0.603276170993
              C     10.004196924896    1.422179542497    0.196049637764
              C     12.322174685013    0.231568930177    1.437741437210
              C     13.516576087958   -1.786696375374   -0.233762902218
              C     11.589794314276   -3.786368665493   -0.999844648827
              C      9.288502835922   -2.602638546026   -2.273591872683
              C      2.123883988902    3.707705035716   -2.185113005367
              C     -0.511847441182    2.707856607437   -1.596816693437
              C     -5.907767664528    3.163492255039    1.658546487328
              O     -6.318998527435    5.323299937746    0.952004342021
              C     -7.935133891140    1.332835180611    2.468641845322
              C    -10.195475004172    1.380909813458    0.671557645390
              C    -11.836567980927   -0.972122366442    0.979874023044
              H    -14.422542921904   -3.868275065315   -3.904419857079
              H    -10.792817435104   -4.652445270478    2.425644906597
              H     -6.527973891955   -4.915438456536    0.855359968080
              H     -6.957397148353   -2.451524706001   -1.298789874583
              H     -6.763201331927   -2.018873797366    4.485697726147
              H     -1.663622291724    5.331452216288    1.238630443109
              H      1.672192199741    4.676854862950    3.627051524320
              H      0.238657292905    1.924068126953    4.759131649094
              H      2.460472559245   -0.611373647477    1.510881397497
              H      4.595061846695    1.144127128878    3.342012793184
              H      5.435725414631    4.087579672883    0.068003684655
              H      6.504760496126    1.555374999320   -3.731935104205
              H      4.540076485376   -0.906187931904   -2.682872538220
              H      7.342177514564   -1.517297017722    1.102787479972
              H      9.168544910667    2.761394438537    1.534880919398
              H     10.604572366274    2.516142001424   -1.460408702186
              H     11.772540280057   -0.609557620662    3.251589397676
              H     13.719479762409    1.702813322015    1.855905705302
              H     14.306099887258   -0.901769752203   -1.934382252192
              H     15.092433828844   -2.679913227094    0.769691123525
              H     10.982990024591   -4.843356742883    0.678215150560
              H     12.474176696321   -5.147536510030   -2.286751925480
              H      7.914174938588   -4.093331999235   -2.705454765520
              H      9.865942671212   -1.773179164338   -4.085550107015
              H      2.542087941243    3.423407077224   -4.193702913112
              H      2.124806175255    5.762288987834   -1.891328621683
              H     -0.571865143195    0.669766185015   -1.967754815717
              H     -1.890546275063    3.565486136603   -2.885008983861
              H     -8.543693736403    1.878079751758    4.375460552124
              H    -11.330244209235    3.083195901882    1.021580278819
              H     -9.553895974170    1.552916465620   -1.297349903269
              H    -12.852159717628   -0.903360901607    2.786622282425
$End
$SCF_Mulliken_Population_Analysis
   &GeometryIndex 1
   &NAtoms [&Type "Integer"] 61
   &ATNO [&Type "ArrayOfIntegers", &Dim (61,1)] 
                                                         0

0                                                        8
1                                                        6
2                                                        7
3                                                        6
4                                                        8
5                                                        6
6                                                        6
7                                                        6
8                                                        6
9                                                        8
10                                                       7
11                                                       6
12                                                       6
13                                                       6
14                                                       6
15                                                       6
16                                                       6
17                                                       6
18                                                       6
19                                                       6
20                                                       6
21                                                       6
22                                                       6
23                                                       6
24                                                       6
25                                                       8
26                                                       6
27                                                       6
28                                                       6
29                                                       1
30                                                       1
31                                                       1
32                                                       1
33                                                       1
34                                                       1
35                                                       1
36                                                       1
37                                                       1
38                                                       1
39                                                       1
40                                                       1
41                                                       1
42                                                       1
43                                                       1
44                                                       1
45                                                       1
46                                                       1
47                                                       1
48                                                       1
49                                                       1
50                                                       1
51                                                       1
52                                                       1
53                                                       1
54                                                       1
55                                                       1
56                                                       1
57                                                       1
58                                                       1
59                                                       1
60                                                       1
   &AtomicCharges [&Type "ArrayOfDoubles", &Dim (61,1)] 
                                                         0

0                                     -3.0478977275570429e-01
1                                      1.7627047628980375e-01
2                                     -1.7646541607596156e-01
3                                      1.6848489720326398e-01
4                                     -3.0403398089386968e-01
5                                      2.8914307317442933e-02
6                                     -3.6050633026085954e-01
7                                      1.0977917935431147e-01
8                                      1.4212398336320042e-01
9                                     -3.4256296807456366e-01
10                                    -6.1402228508727674e-02
11                                     6.7872902531299850e-02
12                                    -1.4927328516112759e-01
13                                    -2.5714041766698692e-01
14                                     6.0264899062664412e-02
15                                    -2.8850136884748423e-01
16                                     4.8204750715550304e-03
17                                    -2.0785632106859797e-01
18                                    -1.5785112515937083e-01
19                                    -1.5602746044738680e-01
20                                    -1.5083629039641355e-01
21                                    -1.7568269019389682e-01
22                                    -1.5863652363285041e-01
23                                    -2.5873489659678128e-01
24                                     1.4719707062519038e-01
25                                    -3.2992629430242815e-01
26                                     3.6978885617456214e-02
27                                    -3.4623576989916938e-01
28                                     6.4574820196594551e-02
29                                     2.3257460235508276e-01
30                                     1.0094725587786979e-01
31                                     1.3447373401313778e-01
32                                     1.2714382400173219e-01
33                                     8.3590023459006568e-02
34                                     1.0421454237106698e-01
35                                     9.3016126391145759e-02
36                                     9.8700768916785808e-02
37                                     1.2454397162118203e-01
38                                     9.8079571829103318e-02
39                                     5.9423063773567542e-02
40                                     8.7018579854654665e-02
41                                     9.5849424484499401e-02
42                                     6.5454923009214738e-02
43                                     8.9552482349599005e-02
44                                     7.5562586485841132e-02
45                                     7.7930010435081631e-02
46                                     8.6583533587486938e-02
47                                     7.3882359858055136e-02
48                                     8.6306174887149201e-02
49                                     7.6573399701399092e-02
50                                     8.6342813690806874e-02
51                                     8.6339413391056219e-02
52                                     7.4203204033374437e-02
53                                     9.3168900102836849e-02
54                                     8.8656827527590631e-02
55                                     1.1709012680372866e-01
56                                     1.1133279054280443e-01
57                                     9.4280126025894528e-02
58                                     1.3351674835897420e-01
59                                     1.2813041130535741e-01
60                                     9.4698922263882546e-02
   &Method [&Type "String"] "SCF"
   &Level [&Type "String"] "Relaxed density"
   &Mult [&Type "Integer"] 1
   &State [&Type "Integer"] -1
   &Irrep [&Type "Integer"] 0
$End
$SCF_Loewdin_Population_Analysis
   &GeometryIndex 1
   &NAtoms [&Type "Integer"] 61
   &ATNO [&Type "ArrayOfIntegers", &Dim (61,1)] 
                                                         0

0                                                        8
1                                                        6
2                                                        7
3                                                        6
4                                                        8
5                                                        6
6                                                        6
7                                                        6
8                                                        6
9                                                        8
10                                                       7
11                                                       6
12                                                       6
13                                                       6
14                                                       6
15                                                       6
16                                                       6
17                                                       6
18                                                       6
19                                                       6
20                                                       6
21                                                       6
22                                                       6
23                                                       6
24                                                       6
25                                                       8
26                                                       6
27                                                       6
28                                                       6
29                                                       1
30                                                       1
31                                                       1
32                                                       1
33                                                       1
34                                                       1
35                                                       1
36                                                       1
37                                                       1
38                                                       1
39                                                       1
40                                                       1
41                                                       1
42                                                       1
43                                                       1
44                                                       1
45                                                       1
46                                                       1
47                                                       1
48                                                       1
49                                                       1
50                                                       1
51                                                       1
52                                                       1
53                                                       1
54                                                       1
55                                                       1
56                                                       1
57                                                       1
58                                                       1
59                                                       1
60                                                       1
   &AtomicCharges [&Type "ArrayOfDoubles", &Dim (61,1)] 
                                                         0

0                                      9.7727164313832660e-02
1                                     -3.8951842509059276e-01
2                                      2.3639715237732606e-01
3                                     -3.9016094263645318e-01
4                                      9.8532778183402669e-02
5                                     -1.6838745128437171e-01
6                                     -1.7486028621006966e-01
7                                     -1.6849209910193874e-01
8                                     -3.5947019307746686e-01
9                                      1.0458067315504138e-01
10                                     2.9640548478003659e-01
11                                    -2.1354550585683274e-01
12                                    -2.2299408440887358e-01
13                                    -2.3570838565494512e-01
14                                    -2.4297806633425889e-01
15                                    -2.1493990015954800e-01
16                                    -2.4529111244704005e-01
17                                    -2.3531189747947234e-01
18                                    -2.6099823434551883e-01
19                                    -2.6354782731686477e-01
20                                    -2.6172894922188927e-01
21                                    -2.3473040709060555e-01
22                                    -2.2575137839168402e-01
23                                    -2.2825623712494547e-01
24                                    -3.5556074195798715e-01
25                                     9.9879249477694998e-02
26                                    -1.6962593936100578e-01
27                                    -1.7606740537586507e-01
28                                    -1.6705326397630671e-01
29                                     2.0223312681262329e-01
30                                     1.7072330458935381e-01
31                                     1.5753111500659978e-01
32                                     1.5027798043418761e-01
33                                     1.6721104973060374e-01
34                                     1.6415205359012308e-01
35                                     1.3920052704989616e-01
36                                     1.4118685171617529e-01
37                                     1.4309990225027902e-01
38                                     1.3575211736955717e-01
39                                     1.4595131705678843e-01
40                                     1.3536863947581113e-01
41                                     1.3808498887622445e-01
42                                     1.4988520876584277e-01
43                                     1.3268415246240517e-01
44                                     1.3489167619518283e-01
45                                     1.3271613319114794e-01
46                                     1.3155333637802502e-01
47                                     1.3233280821938476e-01
48                                     1.3145676340365664e-01
49                                     1.3276694074177486e-01
50                                     1.3153107742765269e-01
51                                     1.3432768879646584e-01
52                                     1.3412112249376595e-01
53                                     1.3853813115959135e-01
54                                     1.3614489933396756e-01
55                                     1.4198644338809607e-01
56                                     1.3862089781364517e-01
57                                     1.7019410049100603e-01
58                                     1.5742209218978398e-01
59                                     1.5126720483294642e-01
60                                     1.6824258037419793e-01
   &Method [&Type "String"] "SCF"
   &Level [&Type "String"] "Relaxed density"
   &Mult [&Type "Integer"] 1
   &State [&Type "Integer"] -1
   &Irrep [&Type "Integer"] 0
$End
$SCF_Mayer_Population_Analysis
   &GeometryIndex 1
   &NAtoms [&Type "Integer"] 61 "Total number of atoms"
   &NBondOrdersPrint [&Type "Integer"] 65 "The number of bond orders larger than threshold"
   &bondThresh [&Type "Double"]       1.0000000000000001e-01  "The threshold for printing"
   &components [&Type "ArrayOfIntegers", &Dim (65,4)] "The indices and atomic numbers of the bonding atoms"
                                                         0                           1                           2                           3

0                                                        0                           8                           1                           6
1                                                        1                           6                           2                           7
2                                                        1                           6                          28                           6
3                                                        2                           7                           3                           6
4                                                        2                           7                          29                           1
5                                                        3                           6                           4                           8
6                                                        3                           6                           5                           6
7                                                        5                           6                           6                           6
8                                                        5                           6                          28                           6
9                                                        5                           6                          30                           1
10                                                       6                           6                           7                           6
11                                                       6                           6                          31                           1
12                                                       6                           6                          32                           1
13                                                       7                           6                           8                           6
14                                                       7                           6                          26                           6
15                                                       7                           6                          33                           1
16                                                       8                           6                           9                           8
17                                                       8                           6                          10                           7
18                                                      10                           7                          11                           6
19                                                      10                           7                          24                           6
20                                                      11                           6                          12                           6
21                                                      11                           6                          23                           6
22                                                      11                           6                          34                           1
23                                                      12                           6                          13                           6
24                                                      12                           6                          35                           1
25                                                      12                           6                          36                           1
26                                                      13                           6                          14                           6
27                                                      13                           6                          37                           1
28                                                      13                           6                          38                           1
29                                                      14                           6                          15                           6
30                                                      14                           6                          22                           6
31                                                      14                           6                          39                           1
32                                                      15                           6                          16                           6
33                                                      15                           6                          40                           1
34                                                      15                           6                          41                           1
35                                                      16                           6                          17                           6
36                                                      16                           6                          21                           6
37                                                      16                           6                          42                           1
38                                                      17                           6                          18                           6
39                                                      17                           6                          43                           1
40                                                      17                           6                          44                           1
41                                                      18                           6                          19                           6
42                                                      18                           6                          45                           1
43                                                      18                           6                          46                           1
44                                                      19                           6                          20                           6
45                                                      19                           6                          47                           1
46                                                      19                           6                          48                           1
47                                                      20                           6                          21                           6
48                                                      20                           6                          49                           1
49                                                      20                           6                          50                           1
50                                                      21                           6                          51                           1
51                                                      21                           6                          52                           1
52                                                      22                           6                          23                           6
53                                                      22                           6                          53                           1
54                                                      22                           6                          54                           1
55                                                      23                           6                          55                           1
56                                                      23                           6                          56                           1
57                                                      24                           6                          25                           8
58                                                      24                           6                          26                           6
59                                                      26                           6                          27                           6
60                                                      26                           6                          57                           1
61                                                      27                           6                          28                           6
62                                                      27                           6                          58                           1
63                                                      27                           6                          59                           1
64                                                      28                           6                          60                           1
   &BondOrders [&Type "ArrayOfDoubles", &Dim (65,1)] "The bond orders"
                                                         0

0                                      2.1570731634847111e+00
1                                      1.1360786873589697e+00
2                                      9.2617461427631209e-01
3                                      1.1392427492165922e+00
4                                      8.9629326916271101e-01
5                                      2.1553699828898418e+00
6                                      9.2965353951569996e-01
7                                      9.3594197225570852e-01
8                                      9.4489461734569558e-01
9                                      9.2507194246553781e-01
10                                     9.0607641726425026e-01
11                                     9.8834991204635370e-01
12                                     9.5220705400182415e-01
13                                     9.6900478796262668e-01
14                                     9.9887380022857708e-01
15                                     9.1708390796946282e-01
16                                     2.0306182306095319e+00
17                                     1.1335104194952978e+00
18                                     8.4791173994254188e-01
19                                     1.1235474597543091e+00
20                                     9.3072058801664759e-01
21                                     9.7328580662462427e-01
22                                     9.4740054661341555e-01
23                                     1.0045643346622843e+00
24                                     9.5689420159660799e-01
25                                     9.6943273548951814e-01
26                                     9.7281037571616880e-01
27                                     9.4442470312023652e-01
28                                     9.6593143373322898e-01
29                                     9.5414387716709204e-01
30                                     9.3780591972866512e-01
31                                     9.5759162615131710e-01
32                                     9.5504947653349570e-01
33                                     9.6456311422083685e-01
34                                     9.7300002227847393e-01
35                                     9.7045774885665603e-01
36                                     9.8279828329978480e-01
37                                     9.5349028041208561e-01
38                                     9.8689274093261681e-01
39                                     9.7014268702782491e-01
40                                     9.5402405791236600e-01
41                                     9.8595542029475258e-01
42                                     9.6458316452182025e-01
43                                     9.7233335297368628e-01
44                                     9.8503214379929549e-01
45                                     9.6306068069086703e-01
46                                     9.6755229444575974e-01
47                                     9.9347878689867830e-01
48                                     9.6403199167901732e-01
49                                     9.7063499628541372e-01
50                                     9.6528090047440340e-01
51                                     9.5878563908604852e-01
52                                     1.0028824315702498e+00
53                                     9.6971797057626186e-01
54                                     9.6249498703013825e-01
55                                     9.6339563016524077e-01
56                                     9.6558905453730615e-01
57                                     2.0471487454454165e+00
58                                     9.9154938013390670e-01
59                                     9.3963314047663304e-01
60                                     9.1312728317169323e-01
61                                     9.3573921777006874e-01
62                                     9.8515000618800985e-01
63                                     9.5138245158439128e-01
64                                     9.2708735903140271e-01
   &ATNO [&Type "ArrayOfIntegers", &Dim (61,1)] "Atomic number of the elements"
                                                         0

0                                                        8
1                                                        6
2                                                        7
3                                                        6
4                                                        8
5                                                        6
6                                                        6
7                                                        6
8                                                        6
9                                                        8
10                                                       7
11                                                       6
12                                                       6
13                                                       6
14                                                       6
15                                                       6
16                                                       6
17                                                       6
18                                                       6
19                                                       6
20                                                       6
21                                                       6
22                                                       6
23                                                       6
24                                                       6
25                                                       8
26                                                       6
27                                                       6
28                                                       6
29                                                       1
30                                                       1
31                                                       1
32                                                       1
33                                                       1
34                                                       1
35                                                       1
36                                                       1
37                                                       1
38                                                       1
39                                                       1
40                                                       1
41                                                       1
42                                                       1
43                                                       1
44                                                       1
45                                                       1
46                                                       1
47                                                       1
48                                                       1
49                                                       1
50                                                       1
51                                                       1
52                                                       1
53                                                       1
54                                                       1
55                                                       1
56                                                       1
57                                                       1
58                                                       1
59                                                       1
60                                                       1
   &NA [&Type "ArrayOfDoubles", &Dim (61,1)] "Mulliken gross atomic population"
                                                         0

0                                      8.3047897727557025e+00
1                                      5.8237295237101936e+00
2                                      7.1764654160759616e+00
3                                      5.8315151027967334e+00
4                                      8.3040339808938697e+00
5                                      5.9710856926825544e+00
6                                      6.3605063302608613e+00
7                                      5.8902208206456930e+00
8                                      5.8578760166367996e+00
9                                      8.3425629680745725e+00
10                                     7.0614022285087259e+00
11                                     5.9321270974686993e+00
12                                     6.1492732851611285e+00
13                                     6.2571404176669878e+00
14                                     5.9397351009373365e+00
15                                     6.2885013688474833e+00
16                                     5.9951795249284476e+00
17                                     6.2078563210685935e+00
18                                     6.1578511251593735e+00
19                                     6.1560274604473895e+00
20                                     6.1508362903964189e+00
21                                     6.1756826901938968e+00
22                                     6.1586365236328451e+00
23                                     6.2587348965967777e+00
24                                     5.8528029293748087e+00
25                                     8.3299262943024317e+00
26                                     5.9630211143825420e+00
27                                     6.3462357698991720e+00
28                                     5.9354251798034054e+00
29                                     7.6742539764491735e-01
30                                     8.9905274412212977e-01
31                                     8.6552626598686211e-01
32                                     8.7285617599826759e-01
33                                     9.1640997654099288e-01
34                                     8.9578545762893302e-01
35                                     9.0698387360885424e-01
36                                     9.0129923108321353e-01
37                                     8.7545602837881831e-01
38                                     9.0192042817089668e-01
39                                     9.4057693622643224e-01
40                                     9.1298142014534500e-01
41                                     9.0415057551550082e-01
42                                     9.3454507699078448e-01
43                                     9.1044751765040144e-01
44                                     9.2443741351415853e-01
45                                     9.2206998956491815e-01
46                                     9.1341646641251240e-01
47                                     9.2611764014194498e-01
48                                     9.1369382511285091e-01
49                                     9.2342660029860080e-01
50                                     9.1365718630919379e-01
51                                     9.1366058660894345e-01
52                                     9.2579679596662579e-01
53                                     9.0683109989716337e-01
54                                     9.1134317247240981e-01
55                                     8.8290987319627179e-01
56                                     8.8866720945719524e-01
57                                     9.0571987397410569e-01
58                                     8.6648325164102546e-01
59                                     8.7186958869464282e-01
60                                     9.0530107773611734e-01
   &ZA [&Type "ArrayOfDoubles", &Dim (61,1)] "Total nuclear charge"
                                                         0

0                                      8.0000000000000000e+00
1                                      6.0000000000000000e+00
2                                      7.0000000000000000e+00
3                                      6.0000000000000000e+00
4                                      8.0000000000000000e+00
5                                      6.0000000000000000e+00
6                                      6.0000000000000000e+00
7                                      6.0000000000000000e+00
8                                      6.0000000000000000e+00
9                                      8.0000000000000000e+00
10                                     7.0000000000000000e+00
11                                     6.0000000000000000e+00
12                                     6.0000000000000000e+00
13                                     6.0000000000000000e+00
14                                     6.0000000000000000e+00
15                                     6.0000000000000000e+00
16                                     6.0000000000000000e+00
17                                     6.0000000000000000e+00
18                                     6.0000000000000000e+00
19                                     6.0000000000000000e+00
20                                     6.0000000000000000e+00
21                                     6.0000000000000000e+00
22                                     6.0000000000000000e+00
23                                     6.0000000000000000e+00
24                                     6.0000000000000000e+00
25                                     8.0000000000000000e+00
26                                     6.0000000000000000e+00
27                                     6.0000000000000000e+00
28                                     6.0000000000000000e+00
29                                     1.0000000000000000e+00
30                                     1.0000000000000000e+00
31                                     1.0000000000000000e+00
32                                     1.0000000000000000e+00
33                                     1.0000000000000000e+00
34                                     1.0000000000000000e+00
35                                     1.0000000000000000e+00
36                                     1.0000000000000000e+00
37                                     1.0000000000000000e+00
38                                     1.0000000000000000e+00
39                                     1.0000000000000000e+00
40                                     1.0000000000000000e+00
41                                     1.0000000000000000e+00
42                                     1.0000000000000000e+00
43                                     1.0000000000000000e+00
44                                     1.0000000000000000e+00
45                                     1.0000000000000000e+00
46                                     1.0000000000000000e+00
47                                     1.0000000000000000e+00
48                                     1.0000000000000000e+00
49                                     1.0000000000000000e+00
50                                     1.0000000000000000e+00
51                                     1.0000000000000000e+00
52                                     1.0000000000000000e+00
53                                     1.0000000000000000e+00
54                                     1.0000000000000000e+00
55                                     1.0000000000000000e+00
56                                     1.0000000000000000e+00
57                                     1.0000000000000000e+00
58                                     1.0000000000000000e+00
59                                     1.0000000000000000e+00
60                                     1.0000000000000000e+00
   &QA [&Type "ArrayOfDoubles", &Dim (61,1)] "Mulliken gross atomic charge"
                                                         0

0                                     -3.0478977275570251e-01
1                                      1.7627047628980641e-01
2                                     -1.7646541607596156e-01
3                                      1.6848489720326665e-01
4                                     -3.0403398089386968e-01
5                                      2.8914307317445598e-02
6                                     -3.6050633026086132e-01
7                                      1.0977917935430703e-01
8                                      1.4212398336320042e-01
9                                     -3.4256296807457254e-01
10                                    -6.1402228508725898e-02
11                                     6.7872902531300738e-02
12                                    -1.4927328516112848e-01
13                                    -2.5714041766698781e-01
14                                     6.0264899062663524e-02
15                                    -2.8850136884748334e-01
16                                     4.8204750715523659e-03
17                                    -2.0785632106859353e-01
18                                    -1.5785112515937350e-01
19                                    -1.5602746044738947e-01
20                                    -1.5083629039641888e-01
21                                    -1.7568269019389682e-01
22                                    -1.5863652363284508e-01
23                                    -2.5873489659677773e-01
24                                     1.4719707062519127e-01
25                                    -3.2992629430243170e-01
26                                     3.6978885617457991e-02
27                                    -3.4623576989917204e-01
28                                     6.4574820196594551e-02
29                                     2.3257460235508265e-01
30                                     1.0094725587787023e-01
31                                     1.3447373401313789e-01
32                                     1.2714382400173241e-01
33                                     8.3590023459007123e-02
34                                     1.0421454237106698e-01
35                                     9.3016126391145759e-02
36                                     9.8700768916786474e-02
37                                     1.2454397162118169e-01
38                                     9.8079571829103318e-02
39                                     5.9423063773567764e-02
40                                     8.7018579854654998e-02
41                                     9.5849424484499179e-02
42                                     6.5454923009215515e-02
43                                     8.9552482349598561e-02
44                                     7.5562586485841465e-02
45                                     7.7930010435081853e-02
46                                     8.6583533587487604e-02
47                                     7.3882359858055024e-02
48                                     8.6306174887149090e-02
49                                     7.6573399701399203e-02
50                                     8.6342813690806208e-02
51                                     8.6339413391056552e-02
52                                     7.4203204033374215e-02
53                                     9.3168900102836627e-02
54                                     8.8656827527590187e-02
55                                     1.1709012680372821e-01
56                                     1.1133279054280476e-01
57                                     9.4280126025894306e-02
58                                     1.3351674835897454e-01
59                                     1.2813041130535718e-01
60                                     9.4698922263882657e-02
   &VA [&Type "ArrayOfDoubles", &Dim (61,1)] "Mayer's total valence"
                                                         0

0                                      2.1962960818711537e+00
1                                      4.3358057198295654e+00
2                                      3.1218169797341795e+00
3                                      4.3424259239380589e+00
4                                      2.1977027143520211e+00
5                                      3.6831710833466214e+00
6                                      4.0201449611726092e+00
7                                      3.7537522418624802e+00
8                                      4.2808095417682610e+00
9                                      2.1475882210381356e+00
10                                     3.1806273568419088e+00
11                                     3.7329626769772553e+00
12                                     3.9044355791962002e+00
13                                     3.9654880091870486e+00
14                                     3.7800064870469905e+00
15                                     3.9146916094931146e+00
16                                     3.8431832230539720e+00
17                                     3.9124852947552466e+00
18                                     3.9190361362507975e+00
19                                     3.9098714081510786e+00
20                                     3.9152646387624892e+00
21                                     3.9157588167292130e+00
22                                     3.8979314460295589e+00
23                                     4.0134393889882531e+00
24                                     4.2931024439599845e+00
25                                     2.1697658540541060e+00
26                                     3.8678542959785442e+00
27                                     4.0303756608918251e+00
28                                     3.6370674478050273e+00
29                                     9.7156114436492313e-01
30                                     9.7069705237921022e-01
31                                     9.9991970418984144e-01
32                                     9.6101181984089912e-01
33                                     9.7308994264276016e-01
34                                     9.9991560880054098e-01
35                                     9.6397247214325499e-01
36                                     9.7674692133596686e-01
37                                     9.8574785482118776e-01
38                                     9.6367689486045394e-01
39                                     9.6579975276631169e-01
40                                     9.7869283397294560e-01
41                                     9.7488708778939936e-01
42                                     9.7061754761536512e-01
43                                     9.6905193029538828e-01
44                                     9.7754053773630489e-01
45                                     9.7296434793022446e-01
46                                     9.6697555424531456e-01
47                                     9.7346609277531937e-01
48                                     9.6655678257538957e-01
49                                     9.7383234344234249e-01
50                                     9.6768767522649513e-01
51                                     9.7285128589216341e-01
52                                     9.7800113460082605e-01
53                                     9.7522915802105303e-01
54                                     9.6583901694730778e-01
55                                     9.7340721336242919e-01
56                                     9.6715008417049042e-01
57                                     9.6652006460889717e-01
58                                     9.9797452685373578e-01
59                                     9.6398431319253075e-01
60                                     9.7430807299207278e-01
   &BVA [&Type "ArrayOfDoubles", &Dim (61,1)] "Mayer's bonded valence"
                                                         0

0                                      2.1962960818711199e+00
1                                      4.3358057198295503e+00
2                                      3.1218169797341861e+00
3                                      4.3424259239381380e+00
4                                      2.1977027143520491e+00
5                                      3.6831710833466969e+00
6                                      4.0201449611726234e+00
7                                      3.7537522418625322e+00
8                                      4.2808095417683214e+00
9                                      2.1475882210381352e+00
10                                     3.1806273568419439e+00
11                                     3.7329626769773014e+00
12                                     3.9044355791961349e+00
13                                     3.9654880091870019e+00
14                                     3.7800064870470482e+00
15                                     3.9146916094932021e+00
16                                     3.8431832230540297e+00
17                                     3.9124852947552680e+00
18                                     3.9190361362508725e+00
19                                     3.9098714081511172e+00
20                                     3.9152646387624994e+00
21                                     3.9157588167291948e+00
22                                     3.8979314460295518e+00
23                                     4.0134393889882674e+00
24                                     4.2931024439599987e+00
25                                     2.1697658540541225e+00
26                                     3.8678542959786020e+00
27                                     4.0303756608918322e+00
28                                     3.6370674478050748e+00
29                                     9.7156114436491547e-01
30                                     9.7069705237922232e-01
31                                     9.9991970418985388e-01
32                                     9.6101181984090500e-01
33                                     9.7308994264279691e-01
34                                     9.9991560880055474e-01
35                                     9.6397247214324722e-01
36                                     9.7674692133595320e-01
37                                     9.8574785482117133e-01
38                                     9.6367689486044150e-01
39                                     9.6579975276633201e-01
40                                     9.7869283397295426e-01
41                                     9.7488708778941513e-01
42                                     9.7061754761538155e-01
43                                     9.6905193029539249e-01
44                                     9.7754053773631333e-01
45                                     9.7296434793023734e-01
46                                     9.6697555424533033e-01
47                                     9.7346609277532847e-01
48                                     9.6655678257539224e-01
49                                     9.7383234344234515e-01
50                                     9.6768767522650279e-01
51                                     9.7285128589215997e-01
52                                     9.7800113460082350e-01
53                                     9.7522915802106080e-01
54                                     9.6583901694729490e-01
55                                     9.7340721336243619e-01
56                                     9.6715008417049386e-01
57                                     9.6652006460890172e-01
58                                     9.9797452685373400e-01
59                                     9.6398431319252520e-01
60                                     9.7430807299209266e-01
   &FA [&Type "ArrayOfDoubles", &Dim (61,1)] "Mayer's free valence"
                                                         0

0                                      0.0000000000000000e+00
1                                      0.0000000000000000e+00
2                                      0.0000000000000000e+00
3                                      0.0000000000000000e+00
4                                      0.0000000000000000e+00
5                                      0.0000000000000000e+00
6                                      0.0000000000000000e+00
7                                      0.0000000000000000e+00
8                                      0.0000000000000000e+00
9                                      0.0000000000000000e+00
10                                     0.0000000000000000e+00
11                                     0.0000000000000000e+00
12                                     0.0000000000000000e+00
13                                     0.0000000000000000e+00
14                                     0.0000000000000000e+00
15                                     0.0000000000000000e+00
16                                     0.0000000000000000e+00
17                                     0.0000000000000000e+00
18                                     0.0000000000000000e+00
19                                     0.0000000000000000e+00
20                                     0.0000000000000000e+00
21                                     0.0000000000000000e+00
22                                     0.0000000000000000e+00
23                                     0.0000000000000000e+00
24                                     0.0000000000000000e+00
25                                     0.0000000000000000e+00
26                                     0.0000000000000000e+00
27                                     0.0000000000000000e+00
28                                     0.0000000000000000e+00
29                                     0.0000000000000000e+00
30                                     0.0000000000000000e+00
31                                     0.0000000000000000e+00
32                                     0.0000000000000000e+00
33                                     0.0000000000000000e+00
34                                     0.0000000000000000e+00
35                                     0.0000000000000000e+00
36                                     0.0000000000000000e+00
37                                     0.0000000000000000e+00
38                                     0.0000000000000000e+00
39                                     0.0000000000000000e+00
40                                     0.0000000000000000e+00
41                                     0.0000000000000000e+00
42                                     0.0000000000000000e+00
43                                     0.0000000000000000e+00
44                                     0.0000000000000000e+00
45                                     0.0000000000000000e+00
46                                     0.0000000000000000e+00
47                                     0.0000000000000000e+00
48                                     0.0000000000000000e+00
49                                     0.0000000000000000e+00
50                                     0.0000000000000000e+00
51                                     0.0000000000000000e+00
52                                     0.0000000000000000e+00
53                                     0.0000000000000000e+00
54                                     0.0000000000000000e+00
55                                     0.0000000000000000e+00
56                                     0.0000000000000000e+00
57                                     0.0000000000000000e+00
58                                     0.0000000000000000e+00
59                                     0.0000000000000000e+00
60                                     0.0000000000000000e+00
   &Method [&Type "String"] "SCF"
   &Level [&Type "String"] "Relaxed density"
   &Mult [&Type "Integer"] 1
   &State [&Type "Integer"] -1
   &Irrep [&Type "Integer"] 0
$End
$SCF_Energy
   &GeometryIndex 1
   &Method [&Type "String"] "SCF"
   &totalEnergy [&Type "ArrayOfDoubles", &Dim (1,1)] "Total energy of each state"
                                                         0

0                                     -1.3059059715136279e+03
   &Mult [&Type "ArrayOfIntegers", &Dim (1,1)] "Multiplicity of each state"
                                                         0

0                                                        1
$End
$DFT_Energy
   &GeometryIndex 1
   &nAlphaEl [&Type "Integer"] 108
   &nBetaEl [&Type "Integer"] 108
   &nTotalEl [&Type "Integer"] 215
   &finalEn [&Type "Double"]      -1.3059059715136279e+03  "No Van der Waals correction"
   &eExchange [&Type "Double"]      -1.4074320130424158e+02
   &eCorr [&Type "Double"]      -8.6260845390357677e+00
   &eXC [&Type "Double"]      -1.4936928584327734e+02
   &eCNL [&Type "Double"]       0.0000000000000000e+00
$End
$SCF_Timings
   &GeometryIndex 1
   &TOTAL [&Type "Double"]       8.5351054999999988e+01
   &PREP [&Type "Double"]       3.6443400000000004e-01
   &FOCK [&Type "Double"]       7.7359926000000002e+01
   &DENS [&Type "Double"]       8.1397099999998090e-01
   &ETOT [&Type "Double"]       2.1344000000000207e-01
   &POP [&Type "Double"]       1.5576699999999732e-01
   &TRAFO [&Type "Double"]       6.1401600000000833e-01
   &DIIS [&Type "Double"]       1.8807510000000018e+00
   &SOSCF [&Type "Double"]       1.5335909999999977e+00
   &XC [&Type "Double"]       7.0376380000000065e+00
   &FOCKSTART [&Type "Double"]       2.0451099999999578e-01
   &INT_BF [&Type "Double"]       1.3327629999999537e+00
   &INT_DENS [&Type "Double"]       2.1639060000000647e+00
   &INT_DENSIO [&Type "Double"]       1.6901349039900012e+05
   &INT_FUNC [&Type "Double"]       8.5745000000082783e-02
   &INT_POT [&Type "Double"]       2.6291699999999825e+00
   &INT_POTIO [&Type "Double"]       1.4496000000065123e-02
   &INT_SUM [&Type "Double"]       3.1800000000021811e-03
   &SPLITRIJ [&Type "Double"]       8.0765870000000000e+00
   &COSX [&Type "Double"]       6.3590041999999983e+01
$End
$Single_Point_Data
   &GeometryIndex 1
   &FinalEnergy [&Type "Double"]      -1.3059059715136279e+03  "Final single point energy"
   &Converged [&Type "Boolean"] true
$End
$SCF_Nuc_Gradient
   &GeometryIndex 1
   &NAtoms [&Type "Integer"] 61
   &gradNorm [&Type "Double"]       1.0822749252362555e-01
   &grad [&Type "ArrayOfDoubles", &Dim (183,1)] 
                                                         0

0                                     -8.9650474441995698e-03
1                                      1.2941958818447841e-02
2                                     -2.2099336808679704e-03
3                                      2.7487800108514315e-02
4                                     -4.1091743759769483e-02
5                                     -3.9123664589926638e-03
6                                      7.7818057698113285e-03
7                                      4.0028311533201605e-03
8                                      1.3576628321416567e-02
9                                     -2.4474449795999213e-02
10                                     4.1175835926848203e-02
11                                     3.0282704251694825e-03
12                                     7.5216310075598147e-03
13                                    -1.2703353916642790e-02
14                                    -3.8951396977477681e-03
15                                    -1.5323794048138772e-03
16                                    -2.6531179041676435e-03
17                                    -5.0280245940837465e-03
18                                    -7.8579768092577329e-03
19                                     1.1026011894329321e-02
20                                     2.1572974407711651e-03
21                                     6.0026802151266906e-03
22                                     2.0086348648700458e-03
23                                    -6.6954882077272654e-03
24                                    -1.2978769184802258e-02
25                                     3.6249283123654608e-02
26                                    -4.2065215151610574e-03
27                                     6.6947712373806034e-03
28                                    -1.6899108491765236e-02
29                                    -6.5626383192627247e-04
30                                    -1.6033468033561510e-02
31                                    -8.4153493386936729e-03
32                                     7.5630204759158277e-03
33                                    -5.8804530480517647e-03
34                                    -1.1380442535103452e-02
35                                     2.6843185924666328e-03
36                                    -6.7044204868371669e-03
37                                     8.2009856933610084e-04
38                                    -6.8079080143159665e-03
39                                    -1.8074600926724152e-03
40                                     3.9798516437132836e-03
41                                    -6.0881643635124841e-04
42                                    -8.3629446067216701e-03
43                                     2.5348941802245256e-03
44                                     5.0065206963567435e-03
45                                    -4.9619357722917312e-04
46                                    -1.0980409057705295e-03
47                                    -6.7323491525632523e-03
48                                     2.6885503741110109e-03
49                                    -2.5042585442554208e-03
50                                     9.8096697810526254e-03
51                                     1.4504265991135638e-03
52                                     7.9431763585526005e-04
53                                    -4.2300016171546648e-03
54                                    -3.1523929146606115e-03
55                                    -2.9963954841092100e-03
56                                    -6.6143070228999457e-04
57                                    -3.8488846499638851e-03
58                                     2.5273081088533975e-03
59                                    -2.9028063690797745e-03
60                                    -2.2962338271940164e-03
61                                     3.1501560366996167e-03
62                                     3.3557238400920841e-03
63                                     1.2829496397945561e-03
64                                     2.6476329166664377e-03
65                                    -3.1847870339103065e-03
66                                     2.5568715161754102e-03
67                                    -7.1140094472331578e-03
68                                    -1.7565936838836449e-03
69                                     3.4513363090434013e-03
70                                     4.1213679565105105e-03
71                                     6.9642162460329532e-03
72                                     2.4648640196922166e-02
73                                    -3.3562015643428089e-02
74                                     2.7355272474885589e-03
75                                    -1.1678838693703814e-02
76                                     1.6248898377749454e-02
77                                    -5.8493098428842871e-03
78                                     5.8905843037067862e-03
79                                     2.6162888722568237e-03
80                                    -1.2316563997289282e-03
81                                     6.0525786497508949e-03
82                                    -1.2710365063339696e-02
83                                     2.1165778603503133e-03
84                                    -1.5026452634221733e-03
85                                     2.2955628032940295e-03
86                                    -7.6385937584352685e-03
87                                     1.1837978406915861e-03
88                                     6.7831652380571927e-04
89                                     1.4824612189835995e-03
90                                    -2.4545640201380226e-03
91                                     7.8726294103304006e-04
92                                     2.8585231718727400e-03
93                                     1.9337220035506031e-03
94                                    -5.3947549030900488e-03
95                                     7.9919725528655033e-04
96                                     2.0419741873836800e-03
97                                    -3.5070277929311056e-04
98                                    -3.6318466618739942e-03
99                                    -2.2577035365541585e-03
100                                    2.6508626238803401e-03
101                                    3.6191887472957485e-03
102                                    6.4210693139489725e-03
103                                    6.7425903169399948e-03
104                                    1.2413622815065986e-03
105                                    2.6236994882878895e-03
106                                    1.2959117583601354e-03
107                                    7.3926429865973226e-04
108                                    6.1061240952728357e-04
109                                   -9.2872326420306850e-04
110                                    3.3094749092205944e-03
111                                    6.1403518981720251e-05
112                                   -2.4336020439072459e-03
113                                   -1.6027066686620517e-04
114                                    2.2433388727420012e-03
115                                   -1.6541377770581955e-04
116                                    2.1343467323821086e-03
117                                    1.8511825875788812e-04
118                                    2.5611570540369777e-03
119                                   -7.0552958117545139e-04
120                                    1.6161832955910449e-04
121                                    4.8485185590525781e-04
122                                   -1.6348231555369241e-03
123                                   -4.9248607119262156e-04
124                                   -7.2319848809165865e-04
125                                   -4.8001266188724134e-04
126                                   -5.7073564158066636e-04
127                                   -6.8665889435159944e-04
128                                    7.7778660813504485e-04
129                                    6.1725365359138751e-04
130                                   -3.6027936973746788e-04
131                                    2.6729287306309912e-03
132                                    1.2250464709447073e-03
133                                    4.7563633578256992e-04
134                                    2.5951468145629653e-04
135                                   -5.7137190351101708e-04
136                                   -2.1455232384898215e-04
137                                    4.9598086259139418e-04
138                                    1.3077877243102831e-03
139                                    9.0048438286294274e-04
140                                   -1.3810537160563949e-03
141                                    1.3683592009483547e-08
142                                    2.2610955041291181e-04
143                                   -5.1011547305743199e-04
144                                   -3.1358881270404648e-04
145                                   -9.1187009798521235e-04
146                                    1.6502922657147534e-03
147                                   -4.9865980035321278e-04
148                                   -2.0091400652549884e-04
149                                    8.3853945138739894e-04
150                                    1.0075520205848620e-03
151                                    5.3670889327403493e-04
152                                   -1.8079788164847288e-03
153                                    2.1192853911675136e-04
154                                   -2.6555224509762498e-03
155                                    7.9224006856365436e-04
156                                    1.1801011753528601e-03
157                                   -7.5267877791534987e-04
158                                   -8.5698369770895177e-04
159                                   -3.4899240423517941e-04
160                                    5.7792933955321674e-04
161                                   -2.8549307462523710e-03
162                                    1.1966478409450986e-03
163                                    1.3281163325313261e-03
164                                    1.7569755115795366e-03
165                                    2.6106236810603464e-04
166                                   -1.4677366507401257e-03
167                                   -3.7399481586271877e-03
168                                   -4.4189935528615720e-04
169                                    3.0518556197253743e-04
170                                   -2.9433147630959222e-03
171                                    3.0856834925210852e-04
172                                   -1.5953595601239656e-03
173                                    3.1177275017646167e-03
174                                   -2.8984359757286277e-03
175                                    4.9744653756541579e-03
176                                    1.9959115596624374e-03
177                                    6.0522780688007649e-05
178                                    1.6472534579814804e-03
179                                   -4.0697679330199410e-03
180                                    6.7530590867864726e-05
181                                   -3.3436067687449850e-03
182                                    3.4450802256577595e-03
   &Method [&Type "String"] "SCF"
   &Level [&Type "String"] "Relaxed density"
   &Mult [&Type "Integer"] 1
   &State [&Type "Integer"] 0
   &Irrep [&Type "Integer"] 0
$End
$Geometry
   &GeometryIndex 2
   &NAtoms [&Type "Integer"] 61
   &NCorelessECP [&Type "Integer"] 0
   &NGhostAtoms [&Type "Integer"] 0
   &CartesianCoordinates [&Type "Coordinates", &Dim(61,4), &Units "Bohr"] 
              O    -15.470327720360    0.425870325705   -1.596990332584
              C    -13.902818098549   -1.151624168579   -1.053483987341
              N    -13.583226904057   -3.428627444639   -2.269468157802
              C    -11.545187640592   -4.815819848184   -1.439997747962
              O    -10.785563895864   -6.752763588764   -2.394126846407
              C    -10.420216029533   -3.471775261624    0.835424592802
              C     -7.554861822800   -3.134309861986    0.596168851191
              C     -6.603504252257   -1.232010747640    2.557120591044
              C     -3.838290238915   -0.582660930636    2.132551970803
              O     -2.129683295192   -2.110853715191    2.083891752590
              N     -3.611832606147    1.991636717081    1.763278858402
              C     -1.252398786015    3.294540498167    1.079112898104
              C      0.917174549475    2.838218920460    2.987576555371
              C      3.122325378775    1.328659402246    1.881859933819
              C      4.250994734138    2.569551426043   -0.497185831636
              C      5.879587234115    0.690827175598   -2.020211107963
              C      8.120664503139   -0.533898941607   -0.620336904108
              C     10.088260491505    1.415256340093    0.256016458122
              C     12.389042834188    0.178456075646    1.509650596003
              C     13.600893636401   -1.821054807348   -0.187960309764
              C     11.660677912420   -3.786205964375   -1.039347985259
              C      9.374346359722   -2.543698470947   -2.308114155361
              C      2.165422673906    3.749680761909   -2.192005209852
              C     -0.470437541374    2.698209684864   -1.648605793262
              C     -5.934931965692    3.187518950919    1.636583599261
              O     -6.285696693073    5.357730133995    0.991145675881
              C     -7.982399324218    1.338475155849    2.432078624876
              C    -10.263807225313    1.398309077379    0.647477896128
              C    -11.917335263385   -0.950285631619    1.011535654322
              H    -14.612341938912   -3.925421188891   -3.800504399204
              H    -10.830417413760   -4.642507767963    2.488940244977
              H     -6.602379326005   -4.943858080004    0.837236682755
              H     -7.064985132986   -2.495409066844   -1.308400347062
              H     -6.775400977022   -2.054715677061    4.445117716788
              H     -1.726803073773    5.298657631171    1.151000217682
              H      1.634400878268    4.676638352061    3.607535830954
              H      0.212450855543    1.905912637646    4.686997001708
              H      2.483485787013   -0.585967195002    1.445158197093
              H      4.585898730456    1.135581976244    3.325620713132
              H      5.475753767815    4.121920091962    0.109572059079
              H      6.614831784122    1.662960720693   -3.694981246830
              H      4.642063280543   -0.814385716464   -2.727350183466
              H      7.396263119146   -1.511730681753    1.055434361288
              H      9.238762368686    2.742876950211    1.592391371207
              H     10.717185587808    2.530388595020   -1.374148941260
              H     11.803414600181   -0.700736668985    3.291780899258
              H     13.781971096820    1.627300375012    1.997831942212
              H     14.421332683993   -0.902255020219   -1.853895470982
              H     15.159635302360   -2.745432664473    0.808576664313
              H     11.023374353595   -4.876541733910    0.602520981099
              H     12.542676996956   -5.131094051055   -2.339626675516
              H      7.986496566619   -3.996272512266   -2.801107787705
              H      9.976086666994   -1.668892712425   -4.088095279586
              H      2.613344767343    3.473755016459   -4.187909204221
              H      2.126793953572    5.800182117224   -1.902895665734
              H     -0.492299746288    0.659278984956   -1.985196215324
              H     -1.849941207550    3.522237052528   -2.947861033775
              H     -8.590018488105    1.894628402677    4.328942619953
              H    -11.374604536121    3.101084259479    0.972921724408
              H     -9.631948986607    1.520506865901   -1.316532807575
              H    -12.901945766246   -0.826042444470    2.823423280201
$End
$SCF_Energy
   &GeometryIndex 2
   &Method [&Type "String"] "SCF"
   &totalEnergy [&Type "ArrayOfDoubles", &Dim (1,1)] "Total energy of each state"
                                                         0

0                                     -1.3059137884455472e+03
   &Mult [&Type "ArrayOfIntegers", &Dim (1,1)] "Multiplicity of each state"
                                                         0

0                                                        1
$End
$DFT_Energy
   &GeometryIndex 2
   &nAlphaEl [&Type "Integer"] 108
   &nBetaEl [&Type "Integer"] 108
   &nTotalEl [&Type "Integer"] 215
   &finalEn [&Type "Double"]      -1.3059137884455472e+03  "No Van der Waals correction"
   &eExchange [&Type "Double"]      -1.4071405952184938e+02
   &eCorr [&Type "Double"]      -8.6221228724724579e+00
   &eXC [&Type "Double"]      -1.4933618239432184e+02
   &eCNL [&Type "Double"]       0.0000000000000000e+00
$End
$SCF_Timings
   &GeometryIndex 2
   &TOTAL [&Type "Double"]       6.6942374999999998e+01
   &PREP [&Type "Double"]       4.1272600000000004e-01
   &FOCK [&Type "Double"]       6.0253662000000006e+01
   &DENS [&Type "Double"]       5.0642999999999461e-01
   &ETOT [&Type "Double"]       1.6984800000001421e-01
   &TRAFO [&Type "Double"]       6.0508600000000179e-01
   &DIIS [&Type "Double"]       1.5806409999999982e+00
   &SOSCF [&Type "Double"]       1.1297539999999984e+00
   &XC [&Type "Double"]       5.1998129999999945e+00
   &FOCKSTART [&Type "Double"]       7.0768000000006381e-02
   &INT_PREP [&Type "Double"]       3.0000000039720476e-06
   &INT_BF [&Type "Double"]       1.0431310000002867e+00
   &INT_DENS [&Type "Double"]       1.6095360000000252e+00
   &INT_DENSIO [&Type "Double"]       1.0180120068700018e+05
   &INT_FUNC [&Type "Double"]       6.8101000000020839e-02
   &INT_POT [&Type "Double"]       1.8476549999999756e+00
   &INT_POTIO [&Type "Double"]       1.1014999999940933e-02
   &INT_SUM [&Type "Double"]       1.2299999999925149e-03
   &SPLITRIJ [&Type "Double"]       6.3346870000000077e+00
   &COSX [&Type "Double"]       5.0462376000000013e+01
$End
$Single_Point_Data
   &GeometryIndex 2
   &FinalEnergy [&Type "Double"]      -1.3059137884455472e+03  "Final single point energy"
   &Converged [&Type "Boolean"] true
$End
$SCF_Nuc_Gradient
   &GeometryIndex 2
   &NAtoms [&Type "Integer"] 61
   &gradNorm [&Type "Double"]       4.4886699801094561e-02
   &grad [&Type "ArrayOfDoubles", &Dim (183,1)] 
                                                         0

0                                     -4.6302744494228776e-03
1                                      7.3499277275010932e-03
2                                     -1.3362343825191192e-03
3                                      1.1216499352493525e-02
4                                     -1.6991281357228188e-02
5                                     -6.9980233982774864e-04
6                                      2.2364293830374402e-03
7                                      1.0189309351211900e-03
8                                      4.9435268213884470e-03
9                                     -1.0638315398005395e-02
10                                     1.6257099008215481e-02
11                                     2.5112329209840967e-03
12                                     4.8035696644758707e-03
13                                    -6.5965914308850904e-03
14                                    -2.5892216133743540e-03
15                                     1.8563809216418647e-03
16                                    -4.5213582729521015e-03
17                                    -1.4019067564835369e-03
18                                    -1.7421210952289837e-03
19                                     2.9193893813712624e-03
20                                     7.6759853087851604e-04
21                                     3.3816555243683308e-03
22                                    -3.2772518577846230e-03
23                                    -1.7813836450351200e-03
24                                    -4.3643127797393100e-03
25                                     1.4494299019322143e-02
26                                    -2.5636396778150571e-03
27                                     2.5032632329055060e-03
28                                    -7.2933403114768813e-03
29                                    -2.0612240491592587e-04
30                                    -5.6107740243935000e-03
31                                    -1.4612856149686659e-03
32                                     4.7236524165290145e-03
33                                    -3.5537128706673027e-03
34                                    -3.8651604140219620e-03
35                                     1.1741066167366213e-04
36                                    -3.4895455329180744e-03
37                                     8.1387754447145074e-04
38                                    -2.0999617053812508e-03
39                                     2.0667820807114545e-04
40                                     7.2144432211870835e-04
41                                     1.0561439780677404e-04
42                                    -3.0866374862792215e-03
43                                     1.6213420208421800e-03
44                                     2.9031643997995196e-03
45                                     3.8798779116944182e-05
46                                    -5.1762911194010164e-04
47                                    -3.2398933043673583e-03
48                                     1.1033959618499817e-03
49                                    -1.3861525716933679e-03
50                                     4.6332239463532515e-03
51                                    -3.4946759771429040e-04
52                                     1.2247452435582146e-03
53                                    -2.5623757776908861e-03
54                                    -6.4752447883233144e-04
55                                    -1.1379105162930073e-03
56                                     5.8866776381036323e-04
57                                    -5.5712181105987968e-04
58                                     8.7482746559907482e-04
59                                    -1.4048319343274787e-03
60                                    -5.3663985990447943e-04
61                                    -5.9454309943418604e-05
62                                     1.6789718501482760e-03
63                                    -3.0590518845090980e-04
64                                     1.5400490837395517e-03
65                                    -2.1782777235638262e-03
66                                     1.1323880482588568e-03
67                                    -2.7166001082892591e-03
68                                    -1.7639373790669377e-03
69                                     2.5819603008525593e-04
70                                     2.5084212192122146e-03
71                                     3.5279589574665760e-03
72                                     1.0623917427328475e-02
73                                    -1.3211910996516196e-02
74                                    -4.8028338902883494e-06
75                                    -4.8802832363056686e-03
76                                     6.0787969898078442e-03
77                                    -2.6305440512383593e-03
78                                    -1.6479575911507172e-04
79                                     3.7301622693418982e-03
80                                     1.9752955741381140e-04
81                                     8.9669440842869708e-04
82                                    -3.3212889738290508e-03
83                                     5.4813236413047556e-04
84                                    -3.1202363540276737e-03
85                                     4.8810567428384938e-03
86                                    -1.8432167311073257e-03
87                                     1.6889764463659529e-04
88                                     2.7401641337905513e-04
89                                    -3.1938215774637846e-04
90                                    -9.7289422720704677e-04
91                                     6.4640709086730141e-04
92                                     3.4175896478200185e-04
93                                     1.9618914908171858e-04
94                                    -5.5181458068886968e-04
95                                    -1.3691079063105419e-04
96                                     9.9369540448129845e-04
97                                    -9.5028615067920680e-04
98                                    -3.5254205032408947e-04
99                                    -1.0722506207489699e-03
100                                    1.3560374069847420e-03
101                                    9.0214506899238822e-04
102                                    3.6079160228752460e-03
103                                    1.2950769181858945e-03
104                                    1.8683239146055197e-04
105                                    1.2588452388667681e-03
106                                   -2.5231173822665154e-04
107                                    3.7306174046256718e-04
108                                    8.5353796230244749e-04
109                                    1.6791929146567353e-04
110                                    9.1887340277452267e-04
111                                    5.6633336551853430e-04
112                                   -4.1516415322934153e-04
113                                    1.1724309342663053e-04
114                                    2.8366737488552674e-04
115                                    9.0303580464759503e-05
116                                    4.5632531841588442e-05
117                                   -1.0043213021337927e-05
118                                    3.8257975778749342e-04
119                                   -6.3156473868847263e-04
120                                   -1.2516960254466136e-04
121                                   -2.6299418277600517e-04
122                                    5.9674374932539020e-05
123                                   -7.2034711926974304e-05
124                                    1.9106689907910646e-04
125                                   -6.9865446055930591e-05
126                                   -1.1843040490117085e-04
127                                    9.3535587961990352e-05
128                                   -5.7186265803391145e-04
129                                    4.4809487311232854e-04
130                                   -6.8152005238181212e-04
131                                    1.1498685621538773e-03
132                                    3.7628194235683060e-04
133                                    1.5261268913963066e-05
134                                    4.5563283367261453e-04
135                                   -6.9277053388348830e-05
136                                    1.3892323611278123e-04
137                                   -2.4336996058971216e-06
138                                    4.8411548688648276e-04
139                                    1.6605538742456294e-04
140                                   -5.6075500928810806e-04
141                                   -6.9964573605224567e-05
142                                   -2.2743870625244189e-05
143                                    6.0187618052820469e-06
144                                   -1.6820298670056077e-04
145                                   -3.2836132558121400e-04
146                                    6.2484153349275096e-04
147                                   -6.0139511009180135e-05
148                                    1.1264712074386674e-04
149                                    1.3667752677137823e-05
150                                    5.5079227344595472e-04
151                                    3.4972982515202311e-04
152                                   -5.5258278435699193e-04
153                                    3.8497431061787490e-04
154                                   -8.6460391193066144e-04
155                                    6.3772680596958786e-04
156                                    3.5250813946672427e-04
157                                   -5.7049408395051793e-04
158                                    5.8148806033525569e-05
159                                   -6.1798772276114994e-04
160                                    5.2468259208312759e-04
161                                   -1.7334990317280363e-04
162                                    5.3201279936633192e-04
163                                    4.7021427005256022e-04
164                                    4.0327557416747206e-04
165                                   -9.4420981817633712e-05
166                                   -8.5052358057891020e-05
167                                   -2.1014813663683754e-03
168                                    3.0936050573471263e-06
169                                   -3.5174404244101010e-04
170                                   -7.9420370052812883e-04
171                                    3.8804821643630832e-04
172                                   -8.9059425080182525e-04
173                                    6.2280743239176428e-04
174                                   -1.7455386869398570e-04
175                                    5.4801319085084899e-04
176                                    1.9078897032609454e-04
177                                   -8.2247718714858337e-04
178                                    1.1889913202987601e-03
179                                   -4.1264482912634071e-04
180                                    4.1864384812367872e-04
181                                   -1.4609295849411161e-03
182                                    6.3104819028089731e-04
   &Method [&Type "String"] "SCF"
   &Level [&Type "String"] "Relaxed density"
   &Mult [&Type "Integer"] 1
   &State [&Type "Integer"] 0
   &Irrep [&Type "Integer"] 0
$End
$Geometry
   &GeometryIndex 3
   &NAtoms [&Type "Integer"] 61
   &NCorelessECP [&Type "Integer"] 0
   &NGhostAtoms [&Type "Integer"] 0
   &CartesianCoordinates [&Type "Coordinates", &Dim(61,4), &Units "Bohr"] 
              O    -15.634157814521    0.453176935066   -1.395342114288
              C    -14.040715948674   -1.099963571929   -0.918508141439
              N    -13.774390636010   -3.410391461941   -2.131950301582
              C    -11.718561945723   -4.841913092944   -1.354061499645
              O    -11.072812398970   -6.818440343155   -2.278996661831
              C    -10.495755957510   -3.462794681476    0.864844861857
              C     -7.633640047846   -3.149916377723    0.525364729182
              C     -6.615956070812   -1.270910678481    2.482834975127
              C     -3.840318581420   -0.648397547358    2.013886178377
              O     -2.127857703231   -2.154678902278    1.945074862067
              N     -3.604344670398    1.940886359006    1.641243941712
              C     -1.240047124094    3.257643185234    0.978243109887
              C      0.912528669488    2.807986528395    2.916270237119
              C      3.135246367073    1.311108054378    1.823244724355
              C      4.301625628833    2.585070518044   -0.522600805999
              C      5.966751744242    0.745544622269   -2.039038671211
              C      8.184692402713   -0.498342434084   -0.636290321374
              C     10.133104047145    1.427316561862    0.325848399750
              C     12.398764829842    0.161823229556    1.619372351912
              C     13.656087047849   -1.808609777336   -0.086623249439
              C     11.732416064626   -3.750504241341   -1.038986507220
              C      9.477217810816   -2.471974829470   -2.332215773125
              C      2.214482132215    3.753731818893   -2.232900709857
              C     -0.410808926427    2.646028555917   -1.732360785921
              C     -5.928011367606    3.183383397127    1.628751763078
              O     -6.227192966092    5.380159862824    1.100766895099
              C     -7.980942377923    1.316658729155    2.404526046523
              C    -10.282788131883    1.406403114880    0.643739132628
              C    -11.961728154118   -0.920305703506    1.072550585897
              H    -14.884226448642   -3.925658542511   -3.599124871697
              H    -10.843297461268   -4.619727947553    2.541211214363
              H     -6.684207525930   -4.963324932596    0.714193610135
              H     -7.215085785381   -2.475533239681   -1.381976199254
              H     -6.748293784403   -2.125871243017    4.357378950408
              H     -1.771081792662    5.245097106634    1.032583407646
              H      1.595806384194    4.649375705936    3.559254976387
              H      0.178806857976    1.852761630990    4.587771087611
              H      2.494075336397   -0.592364258015    1.348549680901
              H      4.572658456619    1.091978965594    3.287241342748
              H      5.498825165107    4.140433409984    0.127398065159
              H      6.725656367279    1.753201370644   -3.682778319191
              H      4.750061287037   -0.752297335736   -2.796608649779
              H      7.431751076569   -1.511470607063    1.007888584629
              H      9.247649373845    2.747062257548    1.645411005525
              H     10.806577812652    2.558558863244   -1.276398471179
              H     11.759501011467   -0.756187570067    3.363152880373
              H     13.773277321263    1.596726783629    2.187701275237
              H     14.520635632927   -0.853605083828   -1.709445064508
              H     15.190933922209   -2.754183379885    0.923792098300
              H     11.050982554637   -4.875772758767    0.561020437193
              H     12.638340241187   -5.073717013632   -2.342276232948
              H      8.094451502076   -3.898755867499   -2.903803329288
              H     10.123121810709   -1.546813760655   -4.071584326245
              H      2.700844751091    3.485271100559   -4.220497422878
              H      2.131962147035    5.800386682698   -1.943762138128
              H     -0.385286243203    0.602699791639   -2.025571657412
              H     -1.789659019971    3.428141495221   -3.054909307741
              H     -8.575786541269    1.858615322685    4.308048057705
              H    -11.362064040919    3.126848487512    0.959491935823
              H     -9.666375300225    1.473783816959   -1.326085849107
              H    -12.883433431085   -0.755438970278    2.912183366860
$End
$SCF_Energy
   &GeometryIndex 3
   &Method [&Type "String"] "SCF"
   &totalEnergy [&Type "ArrayOfDoubles", &Dim (1,1)] "Total energy of each state"
                                                         0

0                                     -1.3059158057750292e+03
   &Mult [&Type "ArrayOfIntegers", &Dim (1,1)] "Multiplicity of each state"
                                                         0

0                                                        1
$End
$DFT_Energy
   &GeometryIndex 3
   &nAlphaEl [&Type "Integer"] 108
   &nBetaEl [&Type "Integer"] 108
   &nTotalEl [&Type "Integer"] 216
   &finalEn [&Type "Double"]      -1.3059158057750292e+03  "No Van der Waals correction"
   &eExchange [&Type "Double"]      -1.4070421304308405e+02
   &eCorr [&Type "Double"]      -8.6208130263655427e+00
   &eXC [&Type "Double"]      -1.4932502606944959e+02
   &eCNL [&Type "Double"]       0.0000000000000000e+00
$End
$SCF_Timings
   &GeometryIndex 3
   &TOTAL [&Type "Double"]       6.7140625999999997e+01
   &PREP [&Type "Double"]       4.0307500000000007e-01
   &FOCK [&Type "Double"]       6.0612628999999998e+01
   &DENS [&Type "Double"]       4.7954700000000372e-01
   &ETOT [&Type "Double"]       1.7241700000000471e-01
   &POP [&Type "Double"]       9.9999999747524271e-07
   &TRAFO [&Type "Double"]       6.0866099999999967e-01
   &DIIS [&Type "Double"]       1.5742139999999996e+00
   &SOSCF [&Type "Double"]       1.1398769999999949e+00
   &XC [&Type "Double"]       5.1246249999999831e+00
   &FOCKSTART [&Type "Double"]       6.9928000000010315e-02
   &INT_PREP [&Type "Double"]       2.0000000056086265e-06
   &INT_BF [&Type "Double"]       1.0561030000000571e+00
   &INT_DENS [&Type "Double"]       1.6711080000000802e+00
   &INT_DENSIO [&Type "Double"]       1.0203652759200011e+05
   &INT_FUNC [&Type "Double"]       6.9143000000192245e-02
   &INT_POT [&Type "Double"]       1.9057600000000328e+00
   &INT_POTIO [&Type "Double"]       1.1247999999972613e-02
   &INT_SUM [&Type "Double"]       2.9510000000083636e-03
   &SPLITRIJ [&Type "Double"]       6.3570680000000026e+00
   &COSX [&Type "Double"]       5.0740611000000001e+01
$End
$Single_Point_Data
   &GeometryIndex 3
   &FinalEnergy [&Type "Double"]      -1.3059158057750292e+03  "Final single point energy"
   &Converged [&Type "Boolean"] true
$End
$SCF_Nuc_Gradient
   &GeometryIndex 3
   &NAtoms [&Type "Integer"] 61
   &gradNorm [&Type "Double"]       1.0110786859602235e-02
   &grad [&Type "ArrayOfDoubles", &Dim (183,1)] 
                                                         0

0                                      1.0906312239988836e-04
1                                      2.0348373082335058e-04
2                                      3.9343192965034246e-04
3                                      1.2459072762985024e-03
4                                     -2.1670367177317740e-05
5                                     -1.6162997535338619e-03
6                                     -1.6686735174629673e-03
7                                     -1.3289119348937652e-03
8                                      1.3582769003717202e-03
9                                      8.5195656499275491e-04
10                                     1.7475476058905759e-03
11                                    -1.8828500404703963e-03
12                                     1.7705000011319916e-04
13                                    -2.2229770043996622e-04
14                                     5.6126161326497392e-04
15                                     1.3773264128602095e-03
16                                    -2.9649334687048071e-03
17                                     7.6684173092738533e-04
18                                     1.5507073985009806e-04
19                                    -2.7167719297387094e-04
20                                    -3.9852762283063004e-05
21                                     7.9140638009733005e-04
22                                    -3.1005076140212390e-03
23                                     6.0725417732297032e-04
24                                     1.2477913950528496e-03
25                                     6.1506113363807291e-06
26                                    -7.8582088433262753e-04
27                                    -1.1213819650320866e-03
28                                     2.9206128493164396e-04
29                                    -2.2241985822713667e-04
30                                     4.8181947693955174e-04
31                                     1.5559137681019353e-03
32                                     2.7717832322008097e-03
33                                    -8.5703500788862630e-04
34                                    -2.9601887124530712e-04
35                                    -4.4514000299634461e-04
36                                    -1.1720122256702794e-03
37                                     2.0847362594797643e-04
38                                     8.1116479942744402e-07
39                                     1.2498834058397718e-04
40                                    -4.8214714678126991e-04
41                                    -1.0347111216964244e-04
42                                     1.1792180514932915e-05
43                                     3.7744628310598660e-04
44                                     5.8458066723104940e-04
45                                     1.2631168623861155e-04
46                                    -8.3051208253394349e-05
47                                    -2.3727454272841342e-04
48                                     3.8596699700610415e-04
49                                    -2.3049788462778387e-05
50                                     5.0229965436004997e-04
51                                    -8.9143172895892603e-04
52                                     5.7783459525828640e-04
53                                    -9.9140269407622938e-04
54                                     3.6657159624330776e-04
55                                    -8.4878737570476953e-05
56                                     4.5913594038099470e-04
57                                     5.9455535614601207e-04
58                                    -1.0829480511216974e-04
59                                    -1.2946216107047673e-04
60                                     2.0758251231393042e-04
61                                    -8.3646317373110846e-04
62                                     1.5817221104853785e-04
63                                    -6.9458315880964461e-04
64                                     5.7921903995414997e-04
65                                    -7.0703120600101865e-04
66                                     2.8906784260089927e-04
67                                    -1.2476391178228852e-04
68                                    -2.2061809107605523e-04
69                                    -4.0982986798152043e-04
70                                     9.2406235372418516e-04
71                                     1.0455920553671116e-03
72                                     8.2545913855939027e-04
73                                     3.7998288634100152e-05
74                                    -2.4338731133529135e-03
75                                     7.7424497849365448e-06
76                                    -1.2799007472933943e-03
77                                    -7.8913701448204976e-05
78                                    -1.7826624235979804e-03
79                                     1.9170847966277632e-03
80                                     3.6132037328215350e-04
81                                    -3.3125258889073889e-04
82                                     4.1719549267450751e-04
83                                     5.7600356031681232e-05
84                                    -2.3261857353541783e-03
85                                     2.9209369729167600e-03
86                                     1.0749398052121058e-03
87                                     9.8029668155585892e-05
88                                     2.0245101684163158e-04
89                                    -2.6177721784603758e-04
90                                    -2.3924421432919285e-04
91                                     3.5337004590996202e-04
92                                    -6.3333787088726279e-05
93                                    -1.2408599202001769e-04
94                                     5.5243758066303439e-04
95                                    -8.6434441841129472e-05
96                                     2.6141270311206416e-04
97                                    -4.2177000732825098e-04
98                                     1.8255759432439511e-04
99                                    -3.6255642481530445e-04
100                                    4.7832544421988477e-04
101                                   -1.8126403763069066e-04
102                                    7.6144667910150315e-04
103                                   -3.4692278727768699e-04
104                                   -1.3785975764985317e-04
105                                    3.2866828835842465e-04
106                                   -3.1126488244814787e-04
107                                    2.7039052550373310e-06
108                                    4.2514324239809054e-04
109                                    2.2759038938516274e-04
110                                   -4.0380505502535247e-05
111                                    3.0444239307320098e-04
112                                    7.1705077019368346e-05
113                                    5.8565323376315315e-05
114                                   -1.6777084158020594e-04
115                                    1.7987220572599286e-04
116                                   -2.3731561181020155e-04
117                                    1.3836624092469774e-04
118                                   -2.0282639639912503e-04
119                                   -3.7308783630871090e-04
120                                    4.1777343375376530e-05
121                                   -1.4730929908229884e-04
122                                    2.2872859423794800e-04
123                                   -5.9081520746850913e-06
124                                    1.5555081678492177e-04
125                                    7.0498722285650128e-05
126                                   -1.8109229297259832e-04
127                                    8.8981807085414255e-05
128                                   -3.4365298461136451e-04
129                                    1.2361261390476941e-04
130                                   -3.9072664798374401e-04
131                                    3.9249276744421357e-04
132                                    4.0410689892397822e-05
133                                   -5.0532991009349937e-05
134                                    1.8554388258792964e-04
135                                    1.0922819742160278e-04
136                                    1.9131594930299478e-04
137                                    9.0313888407023146e-06
138                                   -7.2921853187510322e-05
139                                   -5.5113694737207730e-05
140                                   -4.6930195654430740e-05
141                                   -3.0208812473189739e-05
142                                   -4.5309478783617241e-05
143                                    9.5202283106998742e-05
144                                   -5.6673962904763009e-05
145                                    6.4955532132607297e-05
146                                    1.5776130648958997e-05
147                                    2.1320125506624210e-05
148                                    8.0243587366496394e-05
149                                   -1.3898405310552864e-04
150                                    4.4139981365209913e-05
151                                    1.5194102175741797e-04
152                                    5.4463967211274000e-05
153                                    1.1764457414753515e-04
154                                   -5.7464672044371667e-05
155                                    3.9089913630972750e-04
156                                    3.2983235065203731e-05
157                                   -1.3768870393138233e-04
158                                    1.3668231597929736e-04
159                                   -2.7989924448920678e-04
160                                    5.7434763340490080e-05
161                                    2.2065339954766006e-04
162                                    1.5838564942792163e-04
163                                   -2.7186969358827806e-05
164                                   -1.9936332239455651e-04
165                                   -1.7013410983188811e-04
166                                    6.4985577875042999e-05
167                                   -7.4607120808595911e-04
168                                    2.1994403065453416e-05
169                                   -2.8734667637478339e-04
170                                    1.0757105781222798e-04
171                                    3.7041463331704411e-04
172                                   -3.8134926489551135e-04
173                                   -9.1719905280951419e-05
174                                    2.0139481715025775e-04
175                                   -5.5011393353762705e-04
176                                   -9.4568616261628269e-05
177                                   -4.6408236859459689e-04
178                                    4.9997558371336730e-04
179                                    2.0429254420128995e-04
180                                    4.3138155215521889e-04
181                                   -5.4505178458170642e-04
182                                   -1.2179143573110007e-04
   &Method [&Type "String"] "SCF"
   &Level [&Type "String"] "Relaxed density"
   &Mult [&Type "Integer"] 1
   &State [&Type "Integer"] 0
   &Irrep [&Type "Integer"] 0
$End
$Geometry
   &GeometryIndex 4
   &NAtoms [&Type "Integer"] 61
   &NCorelessECP [&Type "Integer"] 0
   &NGhostAtoms [&Type "Integer"] 0
   &CartesianCoordinates [&Type "Coordinates", &Dim(61,4), &Units "Bohr"] 
              O    -15.683849798730    0.516109803010   -1.276275250108
              C    -14.099270772904   -1.051439201258   -0.829602352447
              N    -13.857171799218   -3.351452774247   -2.076368194993
              C    -11.825143370013   -4.830796308553   -1.311322196399
              O    -11.218586317381   -6.806891562879   -2.257609654730
              C    -10.539067716321   -3.452908283320    0.875509412976
              C     -7.682943289319   -3.153308580618    0.471325160757
              C     -6.613594152338   -1.307730545083    2.436098578841
              C     -3.841465485811   -0.698151134749    1.928529540459
              O     -2.131391634508   -2.203649605730    1.822798082201
              N     -3.601847647215    1.895781975509    1.572317171571
              C     -1.238300776804    3.219937393946    0.915234955200
              C      0.905498669705    2.785039463897    2.868513097468
              C      3.139896548038    1.298636182658    1.787384872915
              C      4.314998954177    2.581961582212   -0.549701168882
              C      6.003147926150    0.758216492040   -2.056120866116
              C      8.214987351730   -0.477657170633   -0.640485877584
              C     10.151007000574    1.450702165869    0.341228098290
              C     12.394648147219    0.185714251647    1.669334944738
              C     13.676795211368   -1.782883390880   -0.020187061091
              C     11.767808029356   -3.723829863803   -1.003584090365
              C      9.531262375087   -2.444595519958   -2.324562583769
              C      2.227284845332    3.731438718496   -2.272896334417
              C     -0.387035665369    2.592884376791   -1.786606906385
              C     -5.914409904780    3.164822444532    1.674753051257
              O     -6.198223437134    5.382411453227    1.236783047264
              C     -7.965032263976    1.282604393878    2.418424351474
              C    -10.273731057228    1.404879421741    0.669188930480
              C    -11.974280125076   -0.903704325539    1.117985390888
              H    -14.993765577615   -3.848299260671   -3.529161765813
              H    -10.850256788825   -4.610867644778    2.558821885558
              H     -6.739027737437   -4.975149838955    0.610889518522
              H     -7.309630874406   -2.444986661663   -1.433464723449
              H     -6.713637625132   -2.195811233165    4.297961313438
              H     -1.792046173512    5.202578949000    0.956687509473
              H      1.568296873545    4.632166273803    3.516914941020
              H      0.160801650946    1.821954285508    4.531182220872
              H      2.503599982519   -0.604412274527    1.303404824219
              H      4.568435210939    1.077736866127    3.260619573102
              H      5.492560319865    4.147293153051    0.113412075236
              H      6.768212442459    1.775598298528   -3.692012410078
              H      4.801918674769   -0.745533145500   -2.827690349501
              H      7.454176937002   -1.494869272685    0.998878264949
              H      9.247574261917    2.782222734085    1.636502703587
              H     10.848605409832    2.570802754132   -1.259379254340
              H     11.726573141731   -0.735982631175    3.400737740524
              H     13.759308658847    1.619564665806    2.263527175450
              H     14.563883829993   -0.825035107091   -1.629556993322
              H     15.198642413830   -2.728942030032    1.009102116489
              H     11.064256141825   -4.851706167458    0.585600926755
              H     12.690721951479   -5.046804725316   -2.295215194855
              H      8.156624305412   -3.867401753629   -2.925733739408
              H     10.201609958330   -1.508810550837   -4.049677881929
              H      2.732599246387    3.465104718218   -4.256831998429
              H      2.117929919512    5.776800874325   -1.985526623231
              H     -0.332650919904    0.546862823188   -2.051331912247
              H     -1.766863082712    3.346426181548   -3.124959130289
              H     -8.554969350397    1.792617599029    4.332962066574
              H    -11.330509963209    3.139775652994    0.988806704719
              H     -9.663793892793    1.452120542111   -1.303829372371
              H    -12.861161630905   -0.727157815899    2.974411028566
$End
$SCF_Energy
   &GeometryIndex 4
   &Method [&Type "String"] "SCF"
   &totalEnergy [&Type "ArrayOfDoubles", &Dim (1,1)] "Total energy of each state"
                                                         0

0                                     -1.3059161798019802e+03
   &Mult [&Type "ArrayOfIntegers", &Dim (1,1)] "Multiplicity of each state"
                                                         0

0                                                        1
$End
$DFT_Energy
   &GeometryIndex 4
   &nAlphaEl [&Type "Integer"] 108
   &nBetaEl [&Type "Integer"] 108
   &nTotalEl [&Type "Integer"] 216
   &finalEn [&Type "Double"]      -1.3059161798019802e+03  "No Van der Waals correction"
   &eExchange [&Type "Double"]      -1.4070236635674098e+02
   &eCorr [&Type "Double"]      -8.6207622449557668e+00
   &eXC [&Type "Double"]      -1.4932312860169674e+02
   &eCNL [&Type "Double"]       0.0000000000000000e+00
$End
$SCF_Timings
   &GeometryIndex 4
   &TOTAL [&Type "Double"]       6.5744591999999997e+01
   &PREP [&Type "Double"]       3.6920500000000001e-01
   &FOCK [&Type "Double"]       5.9203304000000003e+01
   &DENS [&Type "Double"]       4.5772900000000050e-01
   &ETOT [&Type "Double"]       1.6739200000000132e-01
   &POP [&Type "Double"]       9.9999999747524271e-07
   &TRAFO [&Type "Double"]       6.1867400000000394e-01
   &DIIS [&Type "Double"]       1.6163140000000009e+00
   &SOSCF [&Type "Double"]       1.1746270000000010e+00
   &XC [&Type "Double"]       5.1444520000000153e+00
   &FOCKSTART [&Type "Double"]       6.8484999999998408e-02
   &INT_PREP [&Type "Double"]       2.0000000020559128e-06
   &INT_BF [&Type "Double"]       1.0307579999998744e+00
   &INT_DENS [&Type "Double"]       1.5807580000001504e+00
   &INT_DENSIO [&Type "Double"]       1.0034774400900015e+05
   &INT_FUNC [&Type "Double"]       6.9044000000067385e-02
   &INT_POT [&Type "Double"]       1.6268630000001441e+00
   &INT_POTIO [&Type "Double"]       1.1164999999873970e-02
   &INT_SUM [&Type "Double"]       2.6339999999951402e-03
   &SPLITRIJ [&Type "Double"]       6.2347529999999880e+00
   &COSX [&Type "Double"]       4.9408573000000004e+01
$End
$Single_Point_Data
   &GeometryIndex 4
   &FinalEnergy [&Type "Double"]      -1.3059161798019802e+03  "Final single point energy"
   &Converged [&Type "Boolean"] true
$End
$SCF_Nuc_Gradient
   &GeometryIndex 4
   &NAtoms [&Type "Integer"] 61
   &gradNorm [&Type "Double"]       8.5785457969944530e-03
   &grad [&Type "ArrayOfDoubles", &Dim (183,1)] 
                                                         0

0                                      1.4109360747588395e-03
1                                     -8.3121096395644134e-04
2                                     -9.6276911812603894e-05
3                                     -2.4811658512340073e-03
4                                      2.2074862980253351e-03
5                                      6.7723125446235433e-04
6                                     -9.9573390221709829e-04
7                                     -6.3411065629184402e-04
8                                     -5.5372286141480015e-04
9                                      3.0426386928363025e-04
10                                    -3.6188230481665196e-03
11                                     5.7619677960066285e-04
12                                     1.4778511271766603e-04
13                                     1.7670763351097518e-03
14                                    -3.7291796771143915e-05
15                                     1.4144143534936954e-03
16                                    -3.5274468464269182e-04
17                                    -1.8149725093234703e-04
18                                     2.2778906403295857e-04
19                                    -7.1974857802747927e-05
20                                    -1.3403545344875534e-06
21                                    -4.7261832601525749e-05
22                                    -1.2265432733055831e-03
23                                     6.4493701480039523e-04
24                                     1.4742713782571748e-03
25                                    -2.6843869403349596e-03
26                                    -1.1324149198497363e-05
27                                    -1.0520108216202084e-03
28                                     1.2553548339663267e-03
29                                    -2.2803085295295018e-04
30                                     1.4144275632319570e-03
31                                     1.1654474446334134e-03
32                                     1.3289757722911317e-03
33                                     2.1487233139448614e-04
34                                     3.1634694614252057e-04
35                                    -7.8060677969116199e-05
36                                    -2.8273940223597603e-04
37                                    -1.6354619036485635e-04
38                                     2.2180018214483510e-04
39                                    -9.1935076604557353e-05
40                                    -4.0745428150579244e-04
41                                    -2.1031745074187591e-04
42                                     4.6972180929365226e-04
43                                    -7.5265758668785487e-05
44                                    -1.5067037683611645e-04
45                                    -4.1412029557347241e-05
46                                     6.2188480384618716e-05
47                                     4.2314618211344857e-04
48                                     2.7501899715050987e-04
49                                     2.2403396496699368e-04
50                                    -4.4880765052401905e-04
51                                    -5.2925679968213873e-04
52                                     1.2501623242029691e-04
53                                    -2.3140569770344760e-04
54                                     3.2558240503784142e-04
55                                     4.8604583634384579e-05
56                                     6.4441505924467402e-05
57                                     3.2113795993451988e-04
58                                    -2.1316139927969602e-04
59                                     1.8235785420483291e-04
60                                     2.0434840898965467e-04
61                                    -3.7725923369628933e-04
62                                    -2.0012196089974968e-04
63                                    -3.4153725307391886e-04
64                                     1.1523588847873328e-04
65                                    -9.1888056172897969e-05
66                                    -2.2589621335156879e-05
67                                     3.4913405327656466e-04
68                                     3.0302550389577076e-04
69                                    -1.1461330985472473e-04
70                                     3.7646533503159912e-04
71                                     7.3278015271072139e-05
72                                    -1.3423436669059777e-03
73                                     2.4822026272500741e-03
74                                    -4.0617586151277252e-04
75                                     7.4186063242588640e-04
76                                    -1.5977280704451147e-03
77                                    -4.6636409643473209e-04
78                                    -1.1448942429155284e-03
79                                     3.4306716656722427e-04
80                                    -6.6736487380512910e-04
81                                     1.0699823813197645e-04
82                                     3.1313043377041716e-04
83                                     1.8526254178355406e-04
84                                    -3.1860218617933006e-04
85                                     1.3038504308612864e-03
86                                     3.6857426409558219e-04
87                                     2.6419050620316020e-04
88                                     2.9005080068816858e-04
89                                    -3.6479764738306386e-04
90                                    -3.2393976005115621e-04
91                                     4.5142646804247066e-05
92                                    -2.8582826674697359e-04
93                                     3.4179139771897682e-05
94                                     2.1099118511247461e-04
95                                     4.8945369303747197e-05
96                                    -2.6707878827886278e-05
97                                     5.4676382258908585e-05
98                                     5.9878232169574552e-05
99                                    -1.5909258703345613e-04
100                                    9.6337875170118825e-05
101                                   -1.5108805274177683e-04
102                                   -2.5513660207849426e-04
103                                   -2.3546936752294467e-04
104                                   -1.4615843556915753e-04
105                                    6.2661165441901812e-05
106                                   -6.3555133564624500e-05
107                                   -1.2639923044460710e-04
108                                    1.4167649967750107e-04
109                                    5.4750112352133784e-05
110                                   -1.2581218517790371e-04
111                                    7.9234829645016824e-05
112                                    1.0017900848355299e-04
113                                    8.9485100436964560e-06
114                                   -8.0249258377962374e-05
115                                    9.0053066294958767e-05
116                                   -2.1556604082484387e-05
117                                    1.1145821512831278e-04
118                                   -1.2211435898601408e-04
119                                   -1.3999335214675418e-04
120                                    9.3384892460968150e-05
121                                   -3.3571068752957789e-06
122                                    5.9932201971590882e-05
123                                   -7.0893481952660764e-06
124                                    6.9555497545503719e-06
125                                    3.8577696526570504e-05
126                                   -1.4822200857482482e-04
127                                    4.8148668234659908e-06
128                                   -4.1397107720525517e-05
129                                    2.0339501207236599e-05
130                                   -1.8602302310855023e-04
131                                    1.3169355093847757e-04
132                                    1.2185644320261702e-05
133                                   -9.4330635432571253e-06
134                                    2.0209463265863370e-05
135                                    6.1313332325188541e-05
136                                    1.1087316076464904e-04
137                                    5.0516834588454351e-05
138                                   -1.4488364803209863e-04
139                                    4.7579315424206570e-06
140                                    6.3430914841705599e-05
141                                   -1.1411770455438397e-05
142                                    3.2589170412267165e-07
143                                    3.2745940683115426e-05
144                                    5.2343639208030091e-06
145                                    9.5233068094446871e-05
146                                   -7.4952318008414398e-05
147                                    1.8554478622215265e-06
148                                   -5.4941279614695304e-07
149                                   -4.9994024786614855e-05
150                                   -7.6021237627094118e-05
151                                    2.5350126570955478e-05
152                                    6.9587042007698829e-05
153                                   -4.0780812896823448e-05
154                                    5.1207370133921071e-05
155                                    2.0105365858847507e-04
156                                    1.9826954435211985e-05
157                                    3.8929787739519495e-05
158                                    6.6059177730504182e-05
159                                   -6.9103605941117641e-05
160                                   -1.1820167740913406e-04
161                                    3.8241462059968034e-05
162                                   -8.0363024854285259e-06
163                                   -7.3645535682620444e-05
164                                   -2.0947628804283969e-04
165                                   -7.6144954350906673e-05
166                                   -3.3765190617207619e-05
167                                   -1.2201709169742947e-04
168                                   -4.5516116328955802e-05
169                                   -1.0032572815543706e-04
170                                    1.1560152382542044e-04
171                                    4.3730212903504706e-04
172                                   -9.6554548441943333e-05
173                                    3.2272809420974546e-06
174                                   -5.8314437867260094e-05
175                                   -2.5397158117418384e-04
176                                    3.0369402150350056e-05
177                                   -1.1310069887856405e-04
178                                    6.1902621312340950e-05
179                                    3.9394208507292916e-05
180                                    5.1576220772897585e-05
181                                   -2.4599742458720347e-04
182                                   -2.0750787473400312e-04
   &Method [&Type "String"] "SCF"
   &Level [&Type "String"] "Relaxed density"
   &Mult [&Type "Integer"] 1
   &State [&Type "Integer"] 0
   &Irrep [&Type "Integer"] 0
$End
$Geometry
   &GeometryIndex 5
   &NAtoms [&Type "Integer"] 61
   &NCorelessECP [&Type "Integer"] 0
   &NGhostAtoms [&Type "Integer"] 0
   &CartesianCoordinates [&Type "Coordinates", &Dim(61,4), &Units "Bohr"] 
              O    -15.728383410010    0.566159135951   -1.151537004448
              C    -14.131403425623   -1.004109428050   -0.759196466085
              N    -13.928720459637   -3.298195864702   -2.022944417420
              C    -11.908256495610   -4.807887143458   -1.288627313570
              O    -11.371298622995   -6.812346458139   -2.218327158655
              C    -10.569474254928   -3.445325657842    0.875910444542
              C     -7.720720939306   -3.160507716791    0.412921265816
              C     -6.599491922678   -1.346914442313    2.380853500990
              C     -3.838287012512   -0.740031027042    1.823206279188
              O     -2.129505001855   -2.245451365791    1.675125740867
              N     -3.600557265134    1.856844381140    1.495576217350
              C     -1.239055387105    3.191240217102    0.849552578803
              C      0.893759662161    2.769926548085    2.819383669260
              C      3.142320566177    1.296122551785    1.753549587974
              C      4.324663868201    2.586339134046   -0.576051227230
              C      6.032747324937    0.773000447774   -2.072370631912
              C      8.236965272047   -0.456766737979   -0.640162290264
              C     10.167600943344    1.473600954512    0.350004269610
              C     12.386903517540    0.207780881327    1.713584565507
              C     13.685228622258   -1.768369936207    0.046511922538
              C     11.785060238197   -3.706820836493   -0.956326878018
              C      9.569848893035   -2.426468103452   -2.307948367084
              C      2.240827694763    3.721435970074   -2.312842902263
              C     -0.365025630950    2.557887948805   -1.844917283258
              C     -5.897029754854    3.140281881190    1.724413409026
              O     -6.171048784640    5.381034691949    1.408737332678
              C     -7.940725853494    1.241899310022    2.436770302923
              C    -10.257907295362    1.403486443929    0.702727329628
              C    -11.975190623161   -0.891568014020    1.155808960308
              H    -15.112652962230   -3.792307236234   -3.438268743060
              H    -10.848369057171   -4.609929086146    2.561309302314
              H     -6.786167123917   -4.990912354751    0.507109434374
              H     -7.386448228640   -2.425367950550   -1.489040105846
              H     -6.657330910695   -2.269040301045    4.228818962138
              H     -1.807558175221    5.170644013215    0.883863261924
              H      1.536713065900    4.621693139922    3.475179134040
              H      0.138469880432    1.799424354079    4.473808804274
              H      2.515237321590   -0.608819896270    1.263247225261
              H      4.562421272722    1.078319251819    3.235935188309
              H      5.485737050794    4.159708562710    0.098125444810
              H      6.804955351228    1.795907843992   -3.701864016390
              H      4.844005303106   -0.735156908473   -2.855128554612
              H      7.467977872307   -1.470001197387    0.998288501101
              H      9.253268996575    2.823187643577    1.618771577042
              H     10.890078259084    2.575104921494   -1.252920543812
              H     11.690698821870   -0.708850156197    3.436841148544
              H     13.747907671568    1.638576952010    2.324033215983
              H     14.595864021469   -0.817169762323   -1.553941928752
              H     15.191370781223   -2.716075042809    1.097560368469
              H     11.058613095756   -4.828942781909    0.627035483330
              H     12.720983003778   -5.036206699309   -2.232424980730
              H      8.200814811861   -3.845755645073   -2.930761162319
              H     10.264982629032   -1.489936991879   -4.023249262107
              H      2.765083005907    3.463496365715   -4.293319561179
              H      2.109237483256    5.764962732114   -2.020616496019
              H     -0.287416876511    0.511150036153   -2.093119315563
              H     -1.741749544889    3.292252905143   -3.197472484265
              H     -8.524204631274    1.711270348159    4.364405799588
              H    -11.293515728576    3.149098034035    1.038191521246
              H     -9.657565511745    1.448224755485   -1.273575805668
              H    -12.835277852491   -0.714829504405    3.025930540059
$End
$SCF_Energy
   &GeometryIndex 5
   &Method [&Type "String"] "SCF"
   &totalEnergy [&Type "ArrayOfDoubles", &Dim (1,1)] "Total energy of each state"
                                                         0

0                                     -1.3059163857574017e+03
   &Mult [&Type "ArrayOfIntegers", &Dim (1,1)] "Multiplicity of each state"
                                                         0

0                                                        1
$End
$DFT_Energy
   &GeometryIndex 5
   &nAlphaEl [&Type "Integer"] 108
   &nBetaEl [&Type "Integer"] 108
   &nTotalEl [&Type "Integer"] 216
   &finalEn [&Type "Double"]      -1.3059163857574017e+03  "No Van der Waals correction"
   &eExchange [&Type "Double"]      -1.4070323252393325e+02
   &eCorr [&Type "Double"]      -8.6209489788180917e+00
   &eXC [&Type "Double"]      -1.4932418150275134e+02
   &eCNL [&Type "Double"]       0.0000000000000000e+00
$End
$SCF_Timings
   &GeometryIndex 5
   &TOTAL [&Type "Double"]       7.3378184000000005e+01
   &PREP [&Type "Double"]       3.9614899999999997e-01
   &FOCK [&Type "Double"]       6.6478742000000011e+01
   &DENS [&Type "Double"]       5.4475899999999200e-01
   &ETOT [&Type "Double"]       1.9789799999999147e-01
   &TRAFO [&Type "Double"]       6.1234400000000200e-01
   &DIIS [&Type "Double"]       1.5847840000000026e+00
   &SOSCF [&Type "Double"]       1.4308569999999978e+00
   &XC [&Type "Double"]       5.6475770000000001e+00
   &FOCKSTART [&Type "Double"]       7.6781000000004429e-02
   &INT_PREP [&Type "Double"]       4.0000000076645392e-06
   &INT_BF [&Type "Double"]       1.2104270000001200e+00
   &INT_DENS [&Type "Double"]       1.8473439999998931e+00
   &INT_DENSIO [&Type "Double"]       1.3397790031200013e+05
   &INT_FUNC [&Type "Double"]       7.9866999999982369e-02
   &INT_POT [&Type "Double"]       1.7833039999996565e+00
   &INT_POTIO [&Type "Double"]       1.2616000000267746e-02
   &INT_SUM [&Type "Double"]       1.4679999999955839e-03
   &SPLITRIJ [&Type "Double"]       7.1462459999999890e+00
   &COSX [&Type "Double"]       5.5128962999999992e+01
$End
$Single_Point_Data
   &GeometryIndex 5
   &FinalEnergy [&Type "Double"]      -1.3059163857574017e+03  "Final single point energy"
   &Converged [&Type "Boolean"] true
$End
$SCF_Nuc_Gradient
   &GeometryIndex 5
   &NAtoms [&Type "Integer"] 61
   &gradNorm [&Type "Double"]       7.1711086741653466e-03
   &grad [&Type "ArrayOfDoubles", &Dim (183,1)] 
                                                         0

0                                      4.3049841893832985e-04
1                                     -1.0171562100191878e-03
2                                      2.0391876483451254e-04
3                                     -9.7140153480163027e-04
4                                      3.0698910781158939e-03
5                                     -2.4593940030441519e-04
6                                     -1.3068845589545991e-03
7                                     -8.8049646457779435e-04
8                                      1.8493825321110394e-04
9                                      2.0560506246706071e-03
10                                    -2.1578207912340552e-03
11                                    -7.7927465535448937e-04
12                                    -6.3913749103164386e-04
13                                     8.3915218022223570e-04
14                                     3.1453719243323963e-04
15                                    -3.6149154320624932e-06
16                                     9.3950294242685882e-04
17                                     5.3368851393023609e-05
18                                     1.0688283486548489e-04
19                                    -1.0865122593374521e-04
20                                    -1.5044931206984608e-04
21                                    -5.1655783455408291e-04
22                                     7.0271869665018694e-04
23                                     6.4772627185952225e-04
24                                     4.2394718961941136e-04
25                                    -2.5190955155146577e-03
26                                    -2.4414151888525054e-04
27                                    -1.4664298315403279e-04
28                                     8.1906185263080911e-04
29                                     1.2334629772268318e-05
30                                     1.1342708707053895e-03
31                                     2.0993650797962449e-04
32                                     6.7080403221607410e-04
33                                     7.1784965169972154e-04
34                                     5.2298946111747902e-04
35                                     4.4189239695192895e-04
36                                     2.7515520887022582e-04
37                                    -3.4784165526802538e-04
38                                     1.4592379752884077e-04
39                                    -9.4933145309214484e-05
40                                    -1.0213192198527121e-04
41                                    -1.4155644002047940e-04
42                                     3.6248195765691688e-04
43                                    -2.5753275644084528e-04
44                                    -3.9689875911966960e-04
45                                    -1.7214194469037519e-04
46                                     1.3902778969893809e-04
47                                     4.4769063979470392e-04
48                                     1.5366623301914933e-04
49                                     1.5304922617120909e-04
50                                    -5.6617514697249183e-04
51                                    -2.2895899763501759e-05
52                                    -1.6645280559746123e-04
53                                     2.8605894875883414e-04
54                                     1.1308836515529913e-04
55                                     5.2771290396588788e-06
56                                    -2.4503133037639957e-04
57                                    -9.7619527570244613e-05
58                                    -1.3317592602633821e-04
59                                     2.2335272515235094e-04
60                                     6.2658071667092557e-05
61                                     1.7146106999108013e-04
62                                    -2.2799162999820669e-04
63                                     8.4536329914182418e-05
64                                    -2.0593465261040285e-04
65                                     2.2649444079277103e-04
66                                    -1.7419824504931458e-04
67                                     3.4057423217544180e-04
68                                     3.4430160291426537e-04
69                                     8.2351823814177938e-05
70                                     3.5152174592295582e-05
71                                    -5.3730374899526451e-04
72                                    -1.9996740585440653e-03
73                                     1.8256867465701321e-03
74                                    -1.8145689144454663e-04
75                                     6.9475233322718183e-04
76                                    -3.9232111187292862e-04
77                                    -2.4183312746008101e-04
78                                    -1.6262914485340452e-04
79                                    -7.5489649497266498e-04
80                                    -1.0184424442609905e-03
81                                     2.7395299989209365e-04
82                                     1.5365749330674416e-04
83                                     1.0426466765811604e-04
84                                     4.6892223339669442e-04
85                                    -7.4778703515777922e-04
86                                     4.0990629982616197e-04
87                                     1.6428685186276049e-04
88                                     1.6244299660406192e-04
89                                    -2.0938494249830852e-04
90                                    -1.3316106343568002e-04
91                                    -5.5597688903216702e-05
92                                     8.9880110503703925e-05
93                                     1.1744229884788626e-04
94                                    -5.9430580145292122e-05
95                                     4.5904340160794754e-05
96                                    -2.4050274455535842e-04
97                                     2.6932199192165884e-04
98                                     3.4179130708550387e-05
99                                    -4.2552308475714978e-05
100                                   -2.0026287091592931e-04
101                                   -4.0500408353155715e-05
102                                   -6.3788219036894217e-04
103                                   -4.9275362366318909e-05
104                                   -1.4225488108100814e-04
105                                   -6.4919481428407644e-05
106                                    1.0953251524664642e-04
107                                   -1.6293949051864737e-04
108                                   -5.8317391566614640e-05
109                                   -8.3869532186586770e-05
110                                   -9.7255069686330575e-05
111                                   -7.2682716034014327e-05
112                                    6.3106102652116247e-05
113                                   -1.9383662731770057e-05
114                                    3.7573553940406512e-06
115                                   -2.9028621883291778e-05
116                                    1.1367358730618449e-04
117                                    6.9796346442163593e-06
118                                   -9.1535491634486821e-06
119                                    8.7781245039587896e-05
120                                    5.7032780021407103e-05
121                                    5.4061914421324464e-05
122                                   -6.3501495454670875e-05
123                                    1.5647602395182925e-05
124                                   -7.4777041605328387e-05
125                                   -1.0734974524292951e-05
126                                   -4.4345858238065139e-05
127                                   -2.1326889290407269e-05
128                                    1.3952641015524403e-04
129                                   -3.1187566837093117e-05
130                                   -1.0189385593384337e-05
131                                   -5.8667177105384272e-05
132                                    1.5068454950195598e-05
133                                    1.4880959025451168e-05
134                                   -6.7585263290204090e-05
135                                   -8.8103897342428628e-06
136                                    1.7479017006563624e-05
137                                    4.8924405134875837e-05
138                                   -1.0214241565177640e-04
139                                    6.2821193265977238e-05
140                                    8.4867893692178176e-05
141                                   -3.6398718674668373e-06
142                                    3.1968616928251814e-05
143                                   -2.7978629704744629e-05
144                                    4.4146533783817610e-05
145                                    4.2798717150696608e-05
146                                   -6.5466731728372474e-05
147                                   -1.1980527943808439e-06
148                                   -5.2298113479565256e-05
149                                    3.0402096190457195e-05
150                                   -9.0757539545863186e-05
151                                   -6.1274193118729392e-05
152                                    6.4751244276961550e-06
153                                   -1.0489834443047630e-04
154                                    6.6268659006718522e-05
155                                    9.7041147447268772e-06
156                                    2.2667545000673583e-05
157                                    1.1027862966046797e-04
158                                    8.7859024869296753e-06
159                                    4.6388108111403148e-05
160                                   -1.6158520144123403e-04
161                                   -7.3910082701966751e-05
162                                   -1.1027086795759207e-04
163                                   -4.4162864984098604e-05
164                                   -1.0594464190651076e-04
165                                    2.0712988545447744e-05
166                                   -7.2925189379402511e-05
167                                    3.0232261388177945e-04
168                                   -5.8572586656410741e-05
169                                    5.0406430562713322e-05
170                                    4.4168608161823664e-05
171                                    2.9973196253120504e-04
172                                    3.2562045796116768e-05
173                                    2.1565886724841943e-04
174                                   -1.8760807042135508e-04
175                                    2.8623604660937829e-06
176                                    5.7494565637791761e-05
177                                    7.6187010987584236e-05
178                                   -2.1859331247320660e-04
179                                   -8.0394197484179308e-06
180                                   -2.9333521507385329e-05
181                                   -2.2885764886512033e-05
182                                    9.2778727769304847e-05
   &Method [&Type "String"] "SCF"
   &Level [&Type "String"] "Relaxed density"
   &Mult [&Type "Integer"] 1
   &State [&Type "Integer"] 0
   &Irrep [&Type "Integer"] 0
$End
$Geometry
   &GeometryIndex 6
   &NAtoms [&Type "Integer"] 61
   &NCorelessECP [&Type "Integer"] 0
   &NGhostAtoms [&Type "Integer"] 0
   &CartesianCoordinates [&Type "Coordinates", &Dim(61,4), &Units "Bohr"] 
              O    -15.697592467458    0.587095626077   -1.171412853592
              C    -14.109599615774   -0.992828136798   -0.772137236780
              N    -13.903804881189   -3.277516092585   -2.045625668921
              C    -11.910018478568   -4.804965004933   -1.286941253684
              O    -11.384225267975   -6.818799512542   -2.206487420785
              C    -10.568894742561   -3.447741197326    0.877420207234
              C     -7.719527374845   -3.171628561514    0.411026312676
              C     -6.585846893417   -1.363091002194    2.377346682638
              C     -3.833012232845   -0.746751438822    1.798400511916
              O     -2.123637474470   -2.251171208221    1.626587472452
              N     -3.603137639005    1.849063646468    1.479435604614
              C     -1.245901583710    3.189738144207    0.832637471276
              C      0.885063040244    2.779904565146    2.807408944521
              C      3.139917340607    1.310597405429    1.749716904434
              C      4.319948215197    2.595638671052   -0.583636811854
              C      6.027823586470    0.777877421165   -2.076751278108
              C      8.230557120394   -0.449700969965   -0.639642748204
              C     10.169482500182    1.481180042259    0.335067758475
              C     12.381198532245    0.215310706824    1.709759603057
              C     13.672406466933   -1.776726356851    0.056746660016
              C     11.765487896161   -3.713447567190   -0.935015117700
              C      9.557268435147   -2.433050158132   -2.297047835261
              C      2.236987380997    3.725793616572   -2.323366861827
              C     -0.366187735827    2.555027166664   -1.859832877797
              C     -5.889686049077    3.130485599854    1.777827003978
              O     -6.166957445432    5.380008780501    1.524971731693
              C     -7.929692833782    1.221289199529    2.463741084587
              C    -10.239712989508    1.400432322034    0.720882819582
              C    -11.965909130165   -0.891228537317    1.154978349663
              H    -15.086898473602   -3.768546776306   -3.462580685032
              H    -10.848787823590   -4.612001594974    2.562818379378
              H     -6.792090083000   -5.005875439274    0.502089251157
              H     -7.385037427482   -2.438611974842   -1.491768024456
              H     -6.622616900554   -2.296175046817    4.220552757548
              H     -1.816489513196    5.168572021458    0.865072185893
              H      1.520232511849    4.634828321123    3.462039613006
              H      0.128960414207    1.810700240378    4.462720708376
              H      2.519250045497   -0.598314275449    1.265361227025
              H      4.559748049534    1.102127447975    3.233612208466
              H      5.480174956315    4.171337241455    0.086826613911
              H      6.799972168342    1.795882588937   -3.709114912275
              H      4.837947757540   -0.731475314033   -2.855277730167
              H      7.461895907998   -1.450674487492    1.006071029322
              H      9.261109284836    2.846895127571    1.591041875144
              H     10.898078896567    2.564951885578   -1.277027436762
              H     11.678957772028   -0.687728439505    3.437704811917
              H     13.749030516151    1.643322968585    2.311762972637
              H     14.589560286461   -0.840360011615   -1.548706618470
              H     15.172507228986   -2.724895940279    1.116320766210
              H     11.032925665322   -4.822287007348    0.654817216174
              H     12.698009232690   -5.054497325554   -2.201653385456
              H      8.184644709054   -3.851161774287   -2.914869442081
              H     10.257833378329   -1.508512996492   -4.016613245780
              H      2.765570570159    3.473704432054   -4.303276189168
              H      2.099430881468    5.768519865649   -2.026281051048
              H     -0.282419783230    0.508666919569   -2.106842473007
              H     -1.741558261128    3.285282455320   -3.216090423729
              H     -8.524579712286    1.667549767013    4.393275392410
              H    -11.269535912356    3.148668599871    1.061114278335
              H     -9.630265308534    1.453793516568   -1.252540602190
              H    -12.838349154440   -0.714484053954    3.019521163699
$End
$SCF_Energy
   &GeometryIndex 6
   &Method [&Type "String"] "SCF"
   &totalEnergy [&Type "ArrayOfDoubles", &Dim (1,1)] "Total energy of each state"
                                                         0

0                                     -1.3059164829479780e+03
   &Mult [&Type "ArrayOfIntegers", &Dim (1,1)] "Multiplicity of each state"
                                                         0

0                                                        1
$End
$DFT_Energy
   &GeometryIndex 6
   &nAlphaEl [&Type "Integer"] 108
   &nBetaEl [&Type "Integer"] 108
   &nTotalEl [&Type "Integer"] 216
   &finalEn [&Type "Double"]      -1.3059164829479780e+03  "No Van der Waals correction"
   &eExchange [&Type "Double"]      -1.4070537812825438e+02
   &eCorr [&Type "Double"]      -8.6211593176687717e+00
   &eXC [&Type "Double"]      -1.4932653744592315e+02
   &eCNL [&Type "Double"]       0.0000000000000000e+00
$End
$SCF_Timings
   &GeometryIndex 6
   &TOTAL [&Type "Double"]       6.1045169999999999e+01
   &PREP [&Type "Double"]       4.1813899999999998e-01
   &FOCK [&Type "Double"]       5.4708284999999989e+01
   &DENS [&Type "Double"]       4.0425300000000419e-01
   &ETOT [&Type "Double"]       1.5914400000000128e-01
   &POP [&Type "Double"]       1.0000000045806701e-06
   &TRAFO [&Type "Double"]       6.2221800000000194e-01
   &DIIS [&Type "Double"]       1.5997130000000013e+00
   &SOSCF [&Type "Double"]       9.9424600000000041e-01
   &XC [&Type "Double"]       4.5597480000000017e+00
   &FOCKSTART [&Type "Double"]       6.4243999999990198e-02
   &INT_PREP [&Type "Double"]       9.9999999747524271e-07
   &INT_BF [&Type "Double"]       9.7354599999992786e-01
   &INT_DENS [&Type "Double"]       1.4837370000000618e+00
   &INT_DENSIO [&Type "Double"]       8.4021746652000103e+04
   &INT_FUNC [&Type "Double"]       6.2949999999982964e-02
   &INT_POT [&Type "Double"]       1.4418220000000996e+00
   &INT_POTIO [&Type "Double"]       1.0406999999982069e-02
   &INT_SUM [&Type "Double"]       7.9100000001020021e-04
   &SPLITRIJ [&Type "Double"]       6.0483430000000009e+00
   &COSX [&Type "Double"]       4.5826151999999993e+01
$End
$Single_Point_Data
   &GeometryIndex 6
   &FinalEnergy [&Type "Double"]      -1.3059164829479780e+03  "Final single point energy"
   &Converged [&Type "Boolean"] true
$End
$SCF_Nuc_Gradient
   &GeometryIndex 6
   &NAtoms [&Type "Integer"] 61
   &gradNorm [&Type "Double"]       3.6381454288488624e-03
   &grad [&Type "ArrayOfDoubles", &Dim (183,1)] 
                                                         0

0                                     -9.6421016216763356e-05
1                                     -1.9507665701778976e-04
2                                     -9.0036419111427790e-05
3                                     -1.8395450547373238e-04
4                                      7.5228197576565625e-04
5                                      3.0679825161328278e-04
6                                     -3.7833656278667485e-04
7                                     -2.5168938782076794e-04
8                                      2.5030689881481993e-04
9                                      5.5766292907219461e-04
10                                    -5.6610453724656451e-04
11                                     1.5805527379580964e-04
12                                    -2.2572112525384713e-04
13                                     8.7978991221038250e-05
14                                    -1.5554892825098143e-04
15                                    -2.2339961221226612e-04
16                                     1.1406681178013287e-03
17                                    -4.0997296086466711e-04
18                                    -1.5634290525104455e-05
19                                    -1.0105807916774290e-04
20                                     5.3898008822550469e-05
21                                    -3.1282095837986690e-04
22                                     1.2570396016844260e-03
23                                     2.0209157686737478e-04
24                                    -3.3870647874384430e-04
25                                    -6.0190305127078014e-04
26                                     2.8030409645130039e-04
27                                     3.4988480318298709e-04
28                                     1.8513756305682527e-05
29                                    -6.9566914437234340e-05
30                                     2.3354129257789624e-04
31                                    -4.8189561485158239e-04
32                                     1.3823006705765417e-04
33                                     4.5380463043617758e-04
34                                     2.8780568079121716e-04
35                                     4.1285306596227853e-04
36                                     2.3164796827349760e-04
37                                    -2.5398120050863782e-04
38                                    -2.4789452096329878e-05
39                                     3.4121631334795011e-05
40                                     1.4281322166581623e-04
41                                    -2.3003877421323704e-05
42                                     3.2883657632293284e-06
43                                    -1.5266643715335093e-04
44                                    -1.7183617754398806e-04
45                                    -1.2091385055848503e-04
46                                     1.1555968921764595e-04
47                                     9.6459253435404735e-05
48                                    -1.4226961554675288e-07
49                                    -2.4000359737971766e-05
50                                    -1.4703742771904338e-04
51                                     2.1884281663895645e-04
52                                    -1.4079577172440572e-04
53                                     2.8143746399018899e-04
54                                    -3.5325745887784810e-05
55                                    -7.1662364922099597e-05
56                                    -2.3638586476731893e-04
57                                    -2.3069807947923016e-04
58                                    -6.9457576558941414e-06
59                                     6.9215107338788107e-05
60                                    -5.7266120016075464e-05
61                                     3.2533105843526866e-04
62                                    -4.2164899520934218e-05
63                                     2.1333287687248098e-04
64                                    -2.1057457402991198e-04
65                                     1.5747271799854134e-04
66                                    -8.8304707492360690e-05
67                                     5.9253359037753084e-05
68                                     4.1515966865170173e-05
69                                     1.2752763669231226e-04
70                                     4.3735667792227373e-07
71                                    -5.0145864943321183e-04
72                                    -8.7922825731114214e-04
73                                     3.3924759455455922e-04
74                                     4.4628760582251376e-04
75                                     1.5515507956220115e-04
76                                     3.1853111237095666e-04
77                                    -2.3433251597256011e-04
78                                     4.1251774157322063e-04
79                                    -6.9818842309581769e-04
80                                    -1.1725669770391994e-03
81                                     1.5876880600912413e-04
82                                     7.6525079856226697e-06
83                                     2.8241353707172956e-04
84                                     6.5466343159975918e-04
85                                    -1.0283784251118103e-03
86                                    -1.4078715108933534e-04
87                                     1.6554643510269251e-04
88                                     1.2028062257965488e-04
89                                    -1.4231026200423047e-04
90                                    -1.1686932892834151e-04
91                                    -1.0628020024849860e-04
92                                     6.4110476050205367e-05
93                                     9.5515090944159331e-05
94                                    -1.1451272713994265e-04
95                                    -2.5380067407015927e-06
96                                    -1.6062714522638299e-04
97                                     1.7950683402901541e-04
98                                     1.1573766654976447e-05
99                                     3.4052715599096166e-05
100                                   -2.6388121003126375e-04
101                                   -3.9892204760305638e-05
102                                   -3.4282296081548924e-04
103                                    4.9364277026620051e-05
104                                   -8.7388352868131292e-05
105                                   -6.0301571395394993e-05
106                                    1.1082877469614782e-04
107                                   -8.7255006860478823e-05
108                                   -9.9047897766990634e-05
109                                   -9.4190530594798205e-05
110                                   -1.5789947706290608e-05
111                                   -8.7528310420970090e-05
112                                   -2.3247151851701897e-05
113                                   -1.5526754326998515e-05
114                                    2.0729743530512046e-05
115                                   -7.6388270198984864e-05
116                                    8.0582003840923289e-05
117                                   -6.7300864146219164e-05
118                                    4.5313814914738071e-05
119                                    1.6249314941879645e-04
120                                   -5.1637576035934440e-06
121                                    1.9923220015441445e-05
122                                   -7.6636653523753928e-05
123                                    3.2568767454249636e-05
124                                   -5.9492540205458022e-05
125                                   -2.3282807871533029e-05
126                                    2.9754889515426486e-05
127                                    3.2688073557662900e-06
128                                    1.1489396437117105e-04
129                                   -3.3773990783858565e-05
130                                    5.9371493104490303e-05
131                                   -8.1042215839488563e-05
132                                    1.4713589553627671e-05
133                                    1.0083787311723769e-05
134                                   -4.9217475807106226e-05
135                                   -3.5569194587595221e-05
136                                   -2.8670437337410815e-05
137                                    1.6456958805699529e-05
138                                   -1.9455981331392702e-05
139                                    5.0600809149675685e-05
140                                    3.7566557237717069e-05
141                                   -3.2988073880996227e-06
142                                    2.5783794548997485e-05
143                                   -3.6975122064852872e-05
144                                    3.0056655027754786e-05
145                                   -1.5176152798820897e-05
146                                   -1.7866451649223292e-05
147                                    1.4355081457084751e-05
148                                   -4.3601380193464268e-05
149                                    4.0663352356085092e-05
150                                   -3.7774562788320254e-05
151                                   -5.5080050312544815e-05
152                                   -3.4624645577824298e-05
153                                   -5.3590221714555630e-05
154                                    2.5801106043693567e-05
155                                   -7.9549200595163683e-05
156                                    1.5252011944612287e-05
157                                    6.5919826574417639e-05
158                                   -1.5712558496083773e-05
159                                    4.1801084884919570e-05
160                                   -9.6073470057519289e-05
161                                   -6.4607727151333449e-05
162                                   -7.4827744845476496e-05
163                                    1.1965513502798508e-06
164                                    8.5069139771840052e-06
165                                    3.9922666505629728e-05
166                                   -3.3419594906380912e-05
167                                    2.8972705517385164e-04
168                                   -4.2545511313857309e-06
169                                    7.9945642320111698e-05
170                                   -1.4381582233990997e-06
171                                    2.0440649649883236e-04
172                                    7.6332800901815490e-05
173                                    2.1611802617460540e-04
174                                   -1.4832285944796353e-04
175                                    8.9084278882545220e-05
176                                    9.6003066641994761e-06
177                                    8.8279081477807275e-05
178                                   -1.7385477030061082e-04
179                                    9.0006756355842654e-06
180                                   -9.4310976417627534e-05
181                                    1.0306866041185497e-04
182                                    5.2509650982107692e-05
   &Method [&Type "String"] "SCF"
   &Level [&Type "String"] "Relaxed density"
   &Mult [&Type "Integer"] 1
   &State [&Type "Integer"] 0
   &Irrep [&Type "Integer"] 0
$End
$Geometry
   &GeometryIndex 7
   &NAtoms [&Type "Integer"] 61
   &NCorelessECP [&Type "Integer"] 0
   &NGhostAtoms [&Type "Integer"] 0
   &CartesianCoordinates [&Type "Coordinates", &Dim(61,4), &Units "Bohr"] 
              O    -15.649709691867    0.586992982234   -1.248019269523
              C    -14.072742719819   -0.997587288217   -0.819900420664
              N    -13.859622193254   -3.288301002717   -2.077001523938
              C    -11.891433244802   -4.822740628820   -1.274093513895
              O    -11.369612355583   -6.852191930049   -2.163037592034
              C    -10.561844923947   -3.453069860534    0.888332314889
              C     -7.709699586642   -3.186567597178    0.430975461672
              C     -6.574549789371   -1.367716026351    2.386853608480
              C     -3.828151455319   -0.740775458509    1.790230200625
              O     -2.116649587845   -2.242371135795    1.609471331697
              N     -3.605415169131    1.854884873817    1.477644149107
              C     -1.251337513071    3.201099436275    0.833371601226
              C      0.879324202067    2.795655109759    2.810063057082
              C      3.137736083674    1.329093114996    1.755628876700
              C      4.316810393792    2.611215779593   -0.579890410583
              C      6.016588997167    0.787320058275   -2.076142261574
              C      8.216683854084   -0.447512037486   -0.641173989260
              C     10.166460422272    1.477456668414    0.324333231019
              C     12.375798234561    0.205137210259    1.697657718508
              C     13.654563163410   -1.797325554007    0.047181754848
              C     11.736702028403   -3.727696676962   -0.936297382511
              C      9.531236472561   -2.440434408307   -2.297348527248
              C      2.234961235983    3.747461337324   -2.316113662868
              C     -0.368518537448    2.573949338060   -1.859158592733
              C     -5.887350330321    3.130379191320    1.813056589401
              O     -6.168107317817    5.384030572790    1.601644913211
              C     -7.926122031900    1.213507725747    2.479900122243
              C    -10.222187843649    1.397219018927    0.717327349157
              C    -11.956690735351   -0.890738515779    1.136040424419
              H    -15.034927953357   -3.790057486065   -3.496691569575
              H    -10.851308954587   -4.603736820670    2.580925768645
              H     -6.788450094294   -5.022682019186    0.538568124754
              H     -7.365166490229   -2.471215230142   -1.476791882377
              H     -6.596554676471   -2.295908536364    4.232638360359
              H     -1.821511945583    5.179635111078    0.870241465173
              H      1.511346017617    4.651169441513    3.465717414168
              H      0.123837291283    1.826804897777    4.465881878785
              H      2.521297757433   -0.582040361874    1.274659900641
              H      4.557914801856    1.126340438040    3.239702975639
              H      5.483367974218    4.183439394177    0.087487829077
              H      6.789846862575    1.802426017363   -3.709467513698
              H      4.819789721930   -0.717475736348   -2.852587915837
              H      7.447335688826   -1.441774975483    1.007831437775
              H      9.267280692864    2.850381507718    1.579169249206
              H     10.896092337792    2.554016659923   -1.291883627140
              H     11.673667498046   -0.690174639305    3.429513616878
              H     13.752449942653    1.627835558240    2.291919901471
              H     14.574142417326   -0.869960141001   -1.561950265604
              H     15.151105994237   -2.750428416399    1.107401371107
              H     11.001897499644   -4.829160934885    0.657407830058
              H     12.661445029631   -5.075547128202   -2.201373745049
              H      8.151780298150   -3.854706529198   -2.908502325259
              H     10.231858340065   -1.524109532176   -4.021115979876
              H      2.764674053342    3.506139883617   -4.296763572574
              H      2.097190330231    5.788734438392   -2.008395625871
              H     -0.284212129026    0.528872257943   -2.115762875305
              H     -1.741934210366    3.308837576378   -3.214890681261
              H     -8.539919330479    1.649120154616    4.405350323352
              H    -11.250263731732    3.147549091158    1.050148753425
              H     -9.596424987488    1.452134634019   -1.251096903031
              H    -12.854758548042   -0.704834761460    2.987310113780
$End
$SCF_Energy
   &GeometryIndex 7
   &Method [&Type "String"] "SCF"
   &totalEnergy [&Type "ArrayOfDoubles", &Dim (1,1)] "Total energy of each state"
                                                         0

0                                     -1.3059165248227009e+03
   &Mult [&Type "ArrayOfIntegers", &Dim (1,1)] "Multiplicity of each state"
                                                         0

0                                                        1
$End
$DFT_Energy
   &GeometryIndex 7
   &nAlphaEl [&Type "Integer"] 108
   &nBetaEl [&Type "Integer"] 108
   &nTotalEl [&Type "Integer"] 216
   &finalEn [&Type "Double"]      -1.3059165248227009e+03  "No Van der Waals correction"
   &eExchange [&Type "Double"]      -1.4070640908114370e+02
   &eCorr [&Type "Double"]      -8.6212063069492366e+00
   &eXC [&Type "Double"]      -1.4932761538809294e+02
   &eCNL [&Type "Double"]       0.0000000000000000e+00
$End
$SCF_Timings
   &GeometryIndex 7
   &TOTAL [&Type "Double"]       6.1336841999999997e+01
   &PREP [&Type "Double"]       3.6292500000000000e-01
   &FOCK [&Type "Double"]       5.4421004999999987e+01
   &DENS [&Type "Double"]       6.9085600000001079e-01
   &ETOT [&Type "Double"]       1.6476099999998794e-01
   &POP [&Type "Double"]       9.9999999747524271e-07
   &TRAFO [&Type "Double"]       6.0894699999999524e-01
   &DIIS [&Type "Double"]       1.5853390000000012e+00
   &SOSCF [&Type "Double"]       1.0676139999999990e+00
   &XC [&Type "Double"]       4.5723359999999991e+00
   &FOCKSTART [&Type "Double"]       6.5211999999992665e-02
   &INT_BF [&Type "Double"]       9.6652900000018427e-01
   &INT_DENS [&Type "Double"]       1.4731840000002165e+00
   &INT_DENSIO [&Type "Double"]       8.3632225506000104e+04
   &INT_FUNC [&Type "Double"]       6.3018999999856717e-02
   &INT_POT [&Type "Double"]       1.4606989999999191e+00
   &INT_POTIO [&Type "Double"]       9.9730000000990415e-03
   &INT_SUM [&Type "Double"]       1.7459999999971387e-03
   &SPLITRIJ [&Type "Double"]       5.7174459999999900e+00
   &COSX [&Type "Double"]       4.5753043000000005e+01
$End
$Single_Point_Data
   &GeometryIndex 7
   &FinalEnergy [&Type "Double"]      -1.3059165248227009e+03  "Final single point energy"
   &Converged [&Type "Boolean"] true
$End
$SCF_Nuc_Gradient
   &GeometryIndex 7
   &NAtoms [&Type "Integer"] 61
   &gradNorm [&Type "Double"]       2.5584130136425730e-03
   &grad [&Type "ArrayOfDoubles", &Dim (183,1)] 
                                                         0

0                                     -3.6154297103940802e-04
1                                      1.7568066455209141e-04
2                                     -4.3735797786381703e-05
3                                      5.5502416307298685e-04
4                                     -5.0856548651989630e-04
5                                      5.3888176323041437e-05
6                                      1.1437080981037059e-04
7                                      7.2173017594403394e-05
8                                      3.5626908247769762e-04
9                                     -3.7601083845580086e-04
10                                     5.4312978724671557e-04
11                                     3.6424334838935923e-04
12                                     6.9962580958399245e-05
13                                    -2.6644654085117292e-04
14                                    -2.4462056500779150e-04
15                                    -1.1347725551538040e-04
16                                     5.8278307531349494e-04
17                                    -4.4028876848104664e-04
18                                     2.1242392848605518e-05
19                                    -1.8327461630347069e-04
20                                     1.2424302791542996e-04
21                                    -1.3830830886837897e-05
22                                     8.2198970027963503e-04
23                                     2.2090740386038199e-04
24                                    -6.0196569361015140e-04
25                                     5.6932715927576760e-04
26                                    -2.3187645904458945e-04
27                                     3.7737736309223502e-04
28                                    -2.9781714417032035e-04
29                                     1.8965724608766346e-04
30                                    -2.7265703452855616e-04
31                                    -4.8956394055273134e-04
32                                     6.8272804530679354e-05
33                                     6.9594077793472264e-05
34                                     4.5239195338928062e-05
35                                     1.6640543609847472e-04
36                                     8.7394556561166264e-05
37                                    -5.1776563332946168e-05
38                                    -5.5678294799577088e-05
39                                     1.0772342830605436e-04
40                                     1.6596568321212979e-04
41                                     3.3595482820409500e-05
42                                    -1.4081906534044175e-04
43                                    -1.1048590863677044e-05
44                                     3.8726442270001216e-05
45                                     2.2076935989878699e-05
46                                     5.9968107387245451e-05
47                                    -9.3088222172590940e-05
48                                    -1.2846513678634042e-04
49                                    -8.2930884926321613e-05
50                                     1.0007027010860980e-04
51                                     1.9622295199288320e-04
52                                    -3.6683809744947338e-05
53                                     1.2352573517582233e-04
54                                    -6.2094045173557988e-05
55                                    -5.0380232276629397e-05
56                                    -6.4974025599393026e-05
57                                    -1.1542529906527488e-04
58                                     4.9643669473801305e-05
59                                    -3.8139640479092907e-05
60                                    -7.3375523356525307e-05
61                                     1.7198443755921111e-04
62                                     6.1372866581942132e-05
63                                     1.2883416412142606e-04
64                                    -1.0000325032880411e-04
65                                     3.7960855310048558e-05
66                                    -1.7449689079379604e-06
67                                    -8.1600276349971801e-05
68                                    -1.6637411507196276e-04
69                                     3.1596873779043966e-05
70                                    -2.2451469039494465e-05
71                                    -2.1259156843250748e-04
72                                     1.0283967726299609e-04
73                                    -4.8055200604602000e-04
74                                     1.5902375546063274e-04
75                                    -1.2899765885270725e-04
76                                     3.1472407214638842e-04
77                                     1.9801629050353320e-07
78                                     4.5843478119574066e-04
79                                    -2.6725972046224428e-04
80                                    -6.5474222804377119e-04
81                                    -1.1429782091493604e-04
82                                     1.0247503569113525e-04
83                                     2.7517111735905764e-04
84                                     2.2260458540183936e-04
85                                    -6.5887092048062118e-04
86                                    -9.8495745209859625e-05
87                                     8.0603042533183844e-05
88                                     3.8880437839228232e-05
89                                    -6.0728507194962589e-05
90                                    -8.6106688480351579e-05
91                                    -9.2958441815560455e-05
92                                    -1.0077696439847461e-05
93                                     3.9663984794297003e-05
94                                    -1.8741908014263675e-05
95                                    -2.3268118947957286e-05
96                                    -1.4163806565617443e-05
97                                     3.3626413092215091e-05
98                                    -1.8422918881683126e-05
99                                    -2.0211305074483918e-05
100                                   -2.3483950592065317e-04
101                                   -5.4094339770466293e-05
102                                    1.3545127709992111e-05
103                                    4.2511102662068367e-05
104                                   -2.3534863654667282e-05
105                                   -2.3338822636234657e-05
106                                    3.0258302518570979e-05
107                                    1.0440256981672502e-05
108                                   -5.6538496769426017e-05
109                                   -2.3915596578771847e-05
110                                    7.6392448516982014e-06
111                                   -3.7909748388298414e-05
112                                   -4.3594543241459727e-05
113                                    6.2212130823094403e-06
114                                    1.1328667668175640e-05
115                                   -6.3068089507734015e-05
116                                   -6.3511922635539619e-06
117                                   -6.7841471616369997e-05
118                                    2.7230081823592656e-05
119                                    1.3954021384037646e-04
120                                   -4.0248022015645923e-05
121                                   -1.4751140889765479e-05
122                                   -2.9722124279929485e-05
123                                    1.7183614911570055e-05
124                                   -1.1452701042052871e-05
125                                   -1.3670236926444090e-05
126                                    5.2743300408025773e-05
127                                    2.3557968213613889e-05
128                                    2.3075809213568554e-05
129                                   -1.7976143064021843e-05
130                                    6.5234733822944202e-05
131                                   -5.9967609634198338e-05
132                                   -6.5191886796100995e-06
133                                    1.8704932216173642e-06
134                                   -7.4350288134517051e-06
135                                   -2.2013538421780665e-05
136                                   -3.8384564319246528e-05
137                                   -1.5026729157319174e-05
138                                    3.1220618595895200e-05
139                                   -2.4074303972554389e-06
140                                   -3.6266121083219915e-06
141                                   -2.9784767839879933e-06
142                                    2.6716858935738053e-06
143                                   -1.5283679927591276e-05
144                                    3.9028164919019392e-06
145                                   -3.0872670253270784e-05
146                                    4.4359443255037601e-06
147                                    2.0309969330077615e-05
148                                   -1.4352714343343620e-05
149                                    1.1499125079583727e-05
150                                    5.4760493880950945e-06
151                                   -2.2994419263275279e-05
152                                   -2.4594612277731298e-05
153                                    1.0779183787446023e-05
154                                    6.1461394254835877e-06
155                                   -9.4005595296667299e-05
156                                   -1.3358764802212653e-05
157                                    4.4847386429236469e-06
158                                   -1.8931317536580172e-05
159                                   -1.2746812421554621e-06
160                                   -3.2014458821904429e-05
161                                    1.4986673137207251e-06
162                                   -4.6952638002133174e-06
163                                    2.1117493025885059e-05
164                                    4.8129667323804776e-05
165                                    9.4162823063848045e-06
166                                    8.7472022317902631e-06
167                                    1.2148213985931078e-04
168                                    3.1176505722652070e-05
169                                    5.8888323556244293e-05
170                                   -1.1537439957298723e-06
171                                    7.1715085194538897e-05
172                                    5.1919419233867337e-05
173                                    1.1580871279831539e-04
174                                   -5.0638177015005503e-05
175                                    2.1758270551786030e-05
176                                   -5.0886816542618230e-05
177                                    4.9165838449195809e-05
178                                   -3.9987293918524944e-05
179                                   -5.1620267228491556e-06
180                                   -4.3012693513991285e-05
181                                    1.5957451647530957e-04
182                                    1.7247126137320823e-05
   &Method [&Type "String"] "SCF"
   &Level [&Type "String"] "Relaxed density"
   &Mult [&Type "Integer"] 1
   &State [&Type "Integer"] 0
   &Irrep [&Type "Integer"] 0
$End
$Geometry
   &GeometryIndex 8
   &NAtoms [&Type "Integer"] 61
   &NCorelessECP [&Type "Integer"] 0
   &NGhostAtoms [&Type "Integer"] 0
   &CartesianCoordinates [&Type "Coordinates", &Dim(61,4), &Units "Bohr"] 
              O    -15.604892209247    0.585331484137   -1.333009362599
              C    -14.041207081112   -1.002783314518   -0.871079079860
              N    -13.821875837827   -3.305139432071   -2.105596643626
              C    -11.872553108477   -4.841731715852   -1.261995975344
              O    -11.354014348993   -6.885773545886   -2.118685736376
              C    -10.556768941214   -3.454840140209    0.898044435924
              C     -7.701875890448   -3.195231949518    0.452635354122
              C     -6.570637264639   -1.366568727370    2.401365197814
              C     -3.825629613606   -0.734225113205    1.800653359853
              O     -2.114645232681   -2.234542268725    1.608686340940
              N     -3.606350872675    1.862174496532    1.490239963586
              C     -1.254211640972    3.210839668078    0.845827576008
              C      0.878501465986    2.806868391468    2.821049907146
              C      3.136881427625    1.340335875447    1.765759214969
              C      4.314324158579    2.620025846710   -0.572316652458
              C      6.004789391536    0.790912192180   -2.072998494015
              C      8.205327149979   -0.449096377757   -0.643504346424
              C     10.161602375475    1.472137752143    0.315842494448
              C     12.373639186123    0.196506435134    1.682498475814
              C     13.643209241825   -1.810140548064    0.029431104966
              C     11.718098563051   -3.737294417453   -0.947221528527
              C      9.510379597725   -2.446203347750   -2.302061443902
              C      2.231505674426    3.763203048040   -2.302435998663
              C     -0.372199631331    2.588707373627   -1.847472853967
              C     -5.887367782733    3.134708717495    1.838079920645
              O     -6.169490760830    5.389241233890    1.640486507250
              C     -7.928201642335    1.213474201624    2.488788905888
              C    -10.207350266810    1.396014502974    0.703133595904
              C    -11.950586142131   -0.886957390308    1.111868845795
              H    -14.987729257026   -3.819029173007   -3.528766740106
              H    -10.856725633078   -4.589441779148    2.599240145070
              H     -6.784806838383   -5.032217414906    0.576516808758
              H     -7.346813993977   -2.494162114930   -1.458441223417
              H     -6.588919555862   -2.286805918817    4.250931095014
              H     -1.824690279479    5.189015764825    0.886217151659
              H      1.510736479071    4.662486085209    3.475876477708
              H      0.125169210882    1.838929231841    4.478296082698
              H      2.521181827794   -0.571519025365    1.287307894303
              H      4.558509840514    1.140159374699    3.248691924881
              H      5.488073219667    4.188372924894    0.091243869100
              H      6.776801960810    1.803820035352   -3.708181545954
              H      4.801469348080   -0.710426804887   -2.845936178828
              H      7.437552512328   -1.441019621735    1.007550939183
              H      9.268956411350    2.846092952329    1.574178855651
              H     10.887675367405    2.547869070632   -1.302435183278
              H     11.676136627271   -0.695799332644    3.417681429919
              H     13.755287000591    1.616911441586    2.270358458986
              H     14.560299086104   -0.886070848382   -1.582925544240
              H     15.140545127210   -2.765750962571    1.086172406472
              H     10.985783674320   -4.836216030352    0.649270534924
              H     12.636378774731   -5.087503203563   -2.214331603453
              H      8.125993865450   -3.858602401187   -2.906166789462
              H     10.206653896608   -1.533763908567   -4.029560139860
              H      2.759318116973    3.529521208364   -4.284414002768
              H      2.094958772723    5.803338966800   -1.986925228525
              H     -0.288332880186    0.544427694886   -2.110794823635
              H     -1.745751012813    3.326834111599   -3.201329102395
              H     -8.561929383023    1.645740156610    4.407968871137
              H    -11.234625916045    3.149172887027    1.022248056679
              H     -9.563186210126    1.445554298545   -1.259492105080
              H    -12.872362565244   -0.689872485659    2.950073512836
$End
$SCF_Energy
   &GeometryIndex 8
   &Method [&Type "String"] "SCF"
   &totalEnergy [&Type "ArrayOfDoubles", &Dim (1,1)] "Total energy of each state"
                                                         0

0                                     -1.3059165350153655e+03
   &Mult [&Type "ArrayOfIntegers", &Dim (1,1)] "Multiplicity of each state"
                                                         0

0                                                        1
$End
$DFT_Energy
   &GeometryIndex 8
   &nAlphaEl [&Type "Integer"] 108
   &nBetaEl [&Type "Integer"] 108
   &nTotalEl [&Type "Integer"] 216
   &finalEn [&Type "Double"]      -1.3059165350153655e+03  "No Van der Waals correction"
   &eExchange [&Type "Double"]      -1.4070613577550421e+02
   &eCorr [&Type "Double"]      -8.6211517747901354e+00
   &eXC [&Type "Double"]      -1.4932728755029433e+02
   &eCNL [&Type "Double"]       0.0000000000000000e+00
$End
$SCF_Timings
   &GeometryIndex 8
   &TOTAL [&Type "Double"]       5.8644097000000002e+01
   &PREP [&Type "Double"]       3.7407700000000005e-01
   &FOCK [&Type "Double"]       5.2525648000000004e+01
   &DENS [&Type "Double"]       4.1877700000000573e-01
   &ETOT [&Type "Double"]       1.3886999999999539e-01
   &TRAFO [&Type "Double"]       6.0538800000000315e-01
   &DIIS [&Type "Double"]       1.5809160000000002e+00
   &SOSCF [&Type "Double"]       8.4141800000000089e-01
   &XC [&Type "Double"]       4.1826400000000010e+00
   &FOCKSTART [&Type "Double"]       6.0229999999986905e-02
   &INT_BF [&Type "Double"]       8.7955100000008368e-01
   &INT_DENS [&Type "Double"]       1.3393060000000592e+00
   &INT_DENSIO [&Type "Double"]       7.0410603779000099e+04
   &INT_FUNC [&Type "Double"]       5.6459000000055326e-02
   &INT_POT [&Type "Double"]       1.3151699999998243e+00
   &INT_POTIO [&Type "Double"]       9.2820000000912728e-03
   &INT_SUM [&Type "Double"]       1.3369999999959248e-03
   &SPLITRIJ [&Type "Double"]       5.1794739999999901e+00
   &COSX [&Type "Double"]       4.4942267000000001e+01
$End
$Single_Point_Data
   &GeometryIndex 8
   &FinalEnergy [&Type "Double"]      -1.3059165350153655e+03  "Final single point energy"
   &Converged [&Type "Boolean"] true
$End
$SCF_Nuc_Gradient
   &GeometryIndex 8
   &NAtoms [&Type "Integer"] 61
   &gradNorm [&Type "Double"]       1.8984103940215438e-03
   &grad [&Type "ArrayOfDoubles", &Dim (183,1)] 
                                                         0

0                                     -2.3234156109752657e-04
1                                      1.9451302693573869e-04
2                                      2.9697460832284195e-06
3                                      4.3300612897068103e-04
4                                     -6.3878740439154980e-04
5                                     -2.1643195787207636e-05
6                                      1.7773076523652093e-04
7                                      1.1975847426905217e-04
8                                      2.1209498156755588e-04
9                                     -3.9013037030171532e-04
10                                     6.8485972966103592e-04
11                                     7.0256763697540414e-05
12                                     1.0382683108163537e-04
13                                    -2.5290314616416287e-04
14                                    -8.5264962327358251e-05
15                                     5.1284192914710647e-05
16                                     6.1768052559845604e-05
17                                    -2.2165193638699898e-04
18                                    -3.3246896424796168e-05
19                                    -1.5200584688800090e-04
20                                     5.7542046465589025e-05
21                                     5.7422455245891013e-05
22                                     2.2437736253530516e-04
23                                     7.7551258173602644e-05
24                                    -2.0248288647203849e-04
25                                     6.8375955984389947e-04
26                                     2.7772108525119313e-04
27                                     1.0887147118904261e-04
28                                    -2.4137307412791520e-04
29                                     3.8728963554501838e-06
30                                    -3.3170715359882863e-04
31                                    -2.1352385708943433e-04
32                                    -2.8995616189098419e-04
33                                    -1.1474983035970887e-04
34                                    -6.3918765474041406e-05
35                                    -7.1095569880767762e-05
36                                     5.8530073715964970e-06
37                                     5.2052926900468185e-05
38                                    -2.7434841921997188e-06
39                                     7.2019313959358067e-05
40                                     7.6407511826637187e-05
41                                     1.3685928041178019e-05
42                                    -8.6184669851052664e-05
43                                     4.7210306522577072e-05
44                                     9.5612997637224695e-05
45                                     1.1382929866640690e-04
46                                     8.7434858897159073e-06
47                                    -8.0437782797176949e-05
48                                    -1.3802913806415518e-04
49                                    -4.9037965199144606e-05
50                                     8.5705686439896400e-05
51                                     8.3176761663774496e-05
52                                     1.5218384562365461e-05
53                                     1.5190711714728813e-05
54                                    -3.6528581570077767e-05
55                                     1.3611712127471753e-05
56                                     5.4661735282346413e-05
57                                     1.8642094687201793e-05
58                                     3.7145521028125739e-05
59                                    -5.6968570354136439e-05
60                                    -3.8676487322787667e-05
61                                    -5.2163434396124142e-06
62                                     4.5524909213634848e-05
63                                     1.8699137957590289e-05
64                                    -9.7221346569628664e-06
65                                     8.9022938740135338e-07
66                                     2.0000423761729752e-05
67                                    -5.9217135882090599e-05
68                                    -1.6227806395115868e-04
69                                    -2.6255865206228912e-05
70                                    -2.4680027391588144e-05
71                                     3.4357791759170864e-05
72                                     4.8785507796699629e-04
73                                    -3.9595616959703372e-04
74                                     3.4699357462256164e-04
75                                    -1.8115327901563338e-04
76                                     7.1174475420154870e-05
77                                    -4.5698065343866001e-05
78                                     1.5858560800491306e-04
79                                    -2.4978958263893736e-06
80                                    -3.1173301745187482e-04
81                                    -1.5657806620147235e-04
82                                     1.1341375308818180e-04
83                                     1.3341597699760566e-04
84                                    -1.1084755255234835e-04
85                                    -2.0401650196265331e-04
86                                     6.0895892218595926e-05
87                                     6.0135234914715507e-06
88                                    -1.1809610817883898e-05
89                                    -2.2578683873120120e-06
90                                    -6.3188889447576835e-05
91                                    -5.3213430318443944e-05
92                                    -3.0128443367360980e-05
93                                     1.3536329758118137e-05
94                                     4.2444391654655744e-05
95                                    -6.1720977706652969e-06
96                                     4.8513996375662560e-05
97                                    -3.4434372787064960e-05
98                                    -2.4967798837871591e-05
99                                    -9.7588742538822978e-07
100                                   -1.4830552482768267e-04
101                                   -1.0461983052728607e-04
102                                    1.3231626277056957e-04
103                                    3.5491009123256312e-06
104                                    1.7547971959292266e-05
105                                   -7.2335104312482024e-06
106                                   -1.9425455620059040e-05
107                                    4.7770929751875246e-05
108                                   -1.1238814672187569e-05
109                                    2.0444563926455550e-05
110                                    1.3748431704208031e-06
111                                   -2.9344077050325046e-06
112                                   -2.2668153281002468e-05
113                                    2.6919975600482593e-05
114                                    4.3527510676100167e-06
115                                   -2.8938606947949419e-05
116                                   -4.3643150071659420e-05
117                                   -3.4930668668470277e-05
118                                   -4.2408619949085846e-09
119                                    7.3975381693451581e-05
120                                   -3.4195351773694260e-05
121                                   -1.4480143053649530e-05
122                                    5.0453997790522731e-06
123                                   -9.2670526292970568e-06
124                                    1.2803380393694441e-05
125                                    2.9281338728565087e-06
126                                    3.6170575468286170e-05
127                                    1.4811427002298094e-05
128                                   -2.4929445852611698e-05
129                                   -1.0091929098787755e-05
130                                    3.8706894237655609e-05
131                                   -3.5240250294860109e-05
132                                   -2.0013682369715569e-05
133                                   -1.4456570742726882e-06
134                                    7.8528683484513362e-06
135                                   -4.4703622134809051e-06
136                                   -2.7187843129328204e-05
137                                   -2.5450704953688952e-05
138                                    3.2796676235485878e-05
139                                   -3.1504076878963172e-05
140                                   -1.7613861409873643e-05
141                                   -1.2733798055025725e-06
142                                   -9.8421134818171829e-06
143                                    1.2594099898510791e-06
144                                   -9.2783458034984001e-06
145                                   -1.8279722641553753e-05
146                                    4.7859107688563718e-06
147                                    1.2478730071291411e-05
148                                    4.1328128504852790e-06
149                                   -9.7148815061121052e-06
150                                    1.7019147013991320e-05
151                                   -1.9209714723078530e-06
152                                   -2.2162705711759045e-06
153                                    3.0772394483125076e-05
154                                    3.0510286607443593e-06
155                                   -6.3549356066644469e-05
156                                   -2.4559909886319453e-05
157                                   -1.8910572660152392e-05
158                                   -1.5702869551242893e-05
159                                   -2.1609535587156781e-05
160                                   -6.7030046229793472e-06
161                                    2.9004930787834837e-05
162                                    2.2262094991239156e-05
163                                    9.6868034452912699e-06
164                                    3.1469818643395375e-05
165                                   -1.0584543385788736e-05
166                                    8.3982812388860850e-06
167                                   -4.5551938016794025e-06
168                                    2.8590784093174282e-05
169                                    2.4778855848173187e-05
170                                    7.0851417421913254e-06
171                                    3.2550461486854920e-05
172                                    4.1931909541957635e-05
173                                    1.1238486117726154e-05
174                                   -7.1974999043128429e-06
175                                   -3.5964501423457751e-05
176                                   -5.4336748152798708e-05
177                                    1.3020564153760905e-05
178                                    2.4994393802948989e-05
179                                   -1.9171287445163276e-05
180                                    1.0759266398124856e-05
181                                    1.4414614438695156e-04
182                                   -2.3462558169762282e-05
   &Method [&Type "String"] "SCF"
   &Level [&Type "String"] "Relaxed density"
   &Mult [&Type "Integer"] 1
   &State [&Type "Integer"] 0
   &Irrep [&Type "Integer"] 0
$End
$Geometry
   &GeometryIndex 9
   &NAtoms [&Type "Integer"] 61
   &NCorelessECP [&Type "Integer"] 0
   &NGhostAtoms [&Type "Integer"] 0
   &CartesianCoordinates [&Type "Coordinates", &Dim(61,4), &Units "Bohr"] 
              O    -15.558652214736    0.575786981257   -1.426041806956
              C    -14.011682962826   -1.015062157553   -0.921131484094
              N    -13.791102775184   -3.337443159324   -2.118942452412
              C    -11.861600436856   -4.873555594272   -1.228016192108
              O    -11.348664627409   -6.935437436777   -2.043378539757
              C    -10.554163230183   -3.456655279533    0.918121517831
              C     -7.697831464255   -3.205420065926    0.476482707676
              C     -6.566464784515   -1.361370760271    2.410058217312
              C     -3.823705707937   -0.725825331293    1.798152896825
              O     -2.112188075464   -2.223990859311    1.600073626073
              N     -3.606110561389    1.872561293329    1.496398354404
              C     -1.254579311132    3.224427346627    0.857935577511
              C      0.878151500761    2.814658847651    2.832136089659
              C      3.135718675874    1.348816101507    1.773640382286
              C      4.315246268012    2.632137838689   -0.561893781494
              C      5.996332264174    0.801075816117   -2.070479623604
              C      8.194524519911   -0.450426044062   -0.647500408768
              C     10.156107162372    1.462328983407    0.317029416037
              C     12.368190069242    0.177226455527    1.675165642299
              C     13.630552850828   -1.827116142533    0.013427704546
              C     11.699288065236   -3.746513324489   -0.967160790363
              C      9.491947136317   -2.445615586685   -2.313960378809
              C      2.233969320540    3.789427648030   -2.284068914683
              C     -0.370950764824    2.614082661361   -1.837101613553
              C     -5.888398531560    3.142391821684    1.846908816460
              O     -6.169814647681    5.397998869970    1.663986111701
              C     -7.930333414391    1.217334730095    2.486273038336
              C    -10.192559937893    1.393009722570    0.678034091634
              C    -11.945346865383   -0.882435933945    1.086886973135
              H    -14.948165845060   -3.869153655759   -3.542745104003
              H    -10.860311527379   -4.565211846309    2.634933064398
              H     -6.784458576991   -5.042835514549    0.619385261590
              H     -7.337833990483   -2.523142508385   -1.440330546088
              H     -6.578060484271   -2.266898023519    4.266883758406
              H     -1.825813022189    5.202164110402    0.906491628535
              H      1.511844734601    4.668243330778    3.491090616159
              H      0.124790947120    1.843736881612    4.487608454357
              H      2.518871969387   -0.561435527212    1.290869016336
              H      4.556913386949    1.144852722359    3.256515485250
              H      5.496939073313    4.193559459032    0.103619636784
              H      6.770310346256    1.816377965735   -3.703276134634
              H      4.786448361806   -0.693415343210   -2.846375042381
              H      7.424889196390   -1.446263691214    1.000427524185
              H      9.268272093084    2.831922524572    1.583423129963
              H     10.881663914668    2.544029006202   -1.297484671192
              H     11.672315495856   -0.718808643098    3.409048183416
              H     13.753920798426    1.592871967375    2.264740187643
              H     14.547618166554   -0.899850235096   -1.597074642434
              H     15.127077876847   -2.789717441363    1.064864041023
              H     10.966648680656   -4.849178101014    0.626568796602
              H     12.612474825408   -5.094286461821   -2.240378893154
              H      8.102816446999   -3.853181950799   -2.918377151748
              H     10.186962562420   -1.530385198975   -4.040446494168
              H      2.761706009242    3.568935033825   -4.267611287586
              H      2.099454366958    5.827477924721   -1.954849403252
              H     -0.287853153676    0.571228980756   -2.111703386971
              H     -1.743118429196    3.359195804607   -3.188615365208
              H     -8.583525251485    1.650296212260    4.398314279927
              H    -11.217933295874    3.150797508976    0.977224203714
              H     -9.530845404020    1.428485855407   -1.278932886160
              H    -12.889890233058   -0.666810477867    2.911295952852
$End
$SCF_Energy
   &GeometryIndex 9
   &Method [&Type "String"] "SCF"
   &totalEnergy [&Type "ArrayOfDoubles", &Dim (1,1)] "Total energy of each state"
                                                         0

0                                     -1.3059165535567631e+03
   &Mult [&Type "ArrayOfIntegers", &Dim (1,1)] "Multiplicity of each state"
                                                         0

0                                                        1
$End
$DFT_Energy
   &GeometryIndex 9
   &nAlphaEl [&Type "Integer"] 108
   &nBetaEl [&Type "Integer"] 108
   &nTotalEl [&Type "Integer"] 216
   &finalEn [&Type "Double"]      -1.3059165535567631e+03  "No Van der Waals correction"
   &eExchange [&Type "Double"]      -1.4070543728067133e+02
   &eCorr [&Type "Double"]      -8.6210831579020955e+00
   &eXC [&Type "Double"]      -1.4932652043857343e+02
   &eCNL [&Type "Double"]       0.0000000000000000e+00
$End
$SCF_Timings
   &GeometryIndex 9
   &TOTAL [&Type "Double"]       6.3556815000000000e+01
   &PREP [&Type "Double"]       3.7509599999999998e-01
   &FOCK [&Type "Double"]       5.6958397000000005e+01
   &DENS [&Type "Double"]       4.6469100000000196e-01
   &ETOT [&Type "Double"]       1.7136200000000201e-01
   &POP [&Type "Double"]       1.0000000045806701e-06
   &TRAFO [&Type "Double"]       6.1087999999999454e-01
   &DIIS [&Type "Double"]       1.5865979999999986e+00
   &SOSCF [&Type "Double"]       1.1422709999999938e+00
   &XC [&Type "Double"]       4.8614729999999984e+00
   &FOCKSTART [&Type "Double"]       6.7915000000006720e-02
   &INT_PREP [&Type "Double"]       2.0000000020559128e-06
   &INT_BF [&Type "Double"]       1.0277879999999424e+00
   &INT_DENS [&Type "Double"]       1.5478260000000983e+00
   &INT_DENSIO [&Type "Double"]       9.5914804041000112e+04
   &INT_FUNC [&Type "Double"]       6.8529000000030038e-02
   &INT_POT [&Type "Double"]       1.4529900000000824e+00
   &INT_POTIO [&Type "Double"]       1.1204999999879561e-02
   &INT_SUM [&Type "Double"]       1.0580000000040002e-03
   &SPLITRIJ [&Type "Double"]       6.0599189999999998e+00
   &COSX [&Type "Double"]       4.7714033000000008e+01
$End
$Single_Point_Data
   &GeometryIndex 9
   &FinalEnergy [&Type "Double"]      -1.3059165535567631e+03  "Final single point energy"
   &Converged [&Type "Boolean"] true
$End
$SCF_Nuc_Gradient
   &GeometryIndex 9
   &NAtoms [&Type "Integer"] 61
   &gradNorm [&Type "Double"]       1.3892265235588533e-03
   &grad [&Type "ArrayOfDoubles", &Dim (183,1)] 
                                                         0

0                                     -1.0185268460638497e-05
1                                      8.0150863281613915e-05
2                                      7.0380854854210084e-05
3                                      7.1983865221669774e-05
4                                     -2.9661425293858734e-04
5                                     -6.0506934761089815e-05
6                                      1.7101339801097772e-04
7                                      1.1894734814181518e-04
8                                     -9.7686781077993556e-05
9                                     -3.7052367041263967e-04
10                                     1.8410779512328945e-04
11                                    -1.2722014117449998e-06
12                                     1.5429397916177923e-04
13                                    -1.4125959439614810e-05
14                                     6.5014300801302660e-06
15                                     2.8814145016868575e-04
16                                    -2.4438975915573591e-04
17                                    -1.1781637582412852e-05
18                                    -1.8533364286581200e-05
19                                    -1.7830310470243194e-05
20                                    -8.6450202915429319e-05
21                                     1.2554628435454407e-04
22                                    -2.8795446244926637e-04
23                                     2.9910553741083895e-04
24                                     6.8273273711089155e-05
25                                     2.3866595311666794e-04
26                                    -3.2578345323958438e-04
27                                    -7.6247388791417237e-05
28                                    -2.5219210699367611e-05
29                                     1.8792803749141662e-04
30                                    -1.0179433450484277e-04
31                                     1.8019907275511338e-04
32                                    -1.2648299571316191e-04
33                                    -1.7359565199090432e-04
34                                    -1.1023197919740602e-04
35                                    -1.7309306426865206e-04
36                                    -2.3955939219461736e-05
37                                     1.2088338304750215e-04
38                                     3.9237265187577752e-05
39                                    -1.5007123579973553e-05
40                                    -3.3547317369625462e-05
41                                    -1.4262255733012152e-05
42                                     6.7121736988251524e-06
43                                     6.1859099208139146e-05
44                                     6.7039353689221648e-05
45                                     1.3614214673861313e-04
46                                    -4.0827087621885666e-05
47                                    -7.7502042645505309e-06
48                                    -6.1163201222361185e-05
49                                     1.6173800860441734e-05
50                                    -4.6284985964761827e-07
51                                    -3.7126820892661311e-05
52                                     1.6263878941796817e-05
53                                    -5.7507606067881689e-05
54                                    -1.4187748266447642e-05
55                                     6.5143083226776310e-05
56                                     1.0745999009950657e-04
57                                     1.0173504437199776e-04
58                                     5.8993049634071398e-06
59                                    -3.8333511536304404e-05
60                                     7.1370519250865683e-06
61                                    -1.3094150395612236e-04
62                                    -7.8695680066458162e-06
63                                    -6.2714273701816592e-05
64                                     6.7147091651667198e-05
65                                    -4.3881929831512956e-07
66                                     1.7126480152666879e-05
67                                     1.1056010053411836e-05
68                                    -5.5897657047596083e-05
69                                    -6.4360082979546263e-05
70                                    -6.6726283848614343e-05
71                                     2.3251241547622009e-04
72                                     3.6754837343903543e-04
73                                    -1.6187063763284382e-04
74                                    -2.7488707166939408e-04
75                                    -7.4535111474288707e-05
76                                    -9.5994716704850269e-05
77                                     1.5415304482660486e-04
78                                    -1.2954653633967528e-04
79                                     1.7312677293856646e-04
80                                     2.7419259863416257e-04
81                                    -4.0579634680921323e-05
82                                     9.1266695160560629e-05
83                                    -1.0082622677066999e-04
84                                    -2.9105810812798949e-04
85                                     1.9284660822151828e-04
86                                     2.4168572294659685e-04
87                                    -4.9869135957641975e-05
88                                    -4.0142116600722089e-05
89                                     4.6149608812273701e-05
90                                    -6.8394500478900777e-05
91                                    -9.9780457564757619e-06
92                                    -6.3863551969689514e-05
93                                     9.0952879737149495e-06
94                                     6.3996759645329471e-05
95                                     2.2838238380399473e-05
96                                     6.9152068950015244e-05
97                                    -5.0975852648071918e-05
98                                    -4.3795942592517179e-06
99                                    -7.2019391784758705e-05
100                                   -4.8970813213922160e-05
101                                   -6.6415257038959785e-05
102                                    1.4322183820413004e-04
103                                   -1.2085393791161358e-05
104                                    4.6269881368681204e-05
105                                    8.9331342979087625e-06
106                                   -4.7891314458758938e-05
107                                    5.6692862853660597e-05
108                                    2.3543234560607917e-05
109                                    3.2228572715786719e-05
110                                    3.8441339619277315e-06
111                                    1.5978797989785187e-05
112                                   -6.8331056146675451e-07
113                                    1.8058343382094943e-05
114                                    8.2784768666854802e-06
115                                    1.1236183417657336e-05
116                                   -3.9678156406541820e-05
117                                    7.1839799648254488e-06
118                                   -2.5280763745527679e-05
119                                   -4.7565514677341825e-06
120                                   -1.2707612549067715e-05
121                                    2.9307238285786186e-06
122                                    2.6616324269340685e-05
123                                   -3.3625195074937775e-05
124                                    3.0100875070382394e-05
125                                    9.0368449155719954e-06
126                                   -5.2660626884137862e-07
127                                   -1.0007347286095092e-05
128                                   -3.9876289241014273e-05
129                                    4.2660410576045305e-06
130                                    1.0365561350922370e-07
131                                    1.5170987031076777e-06
132                                   -1.7940856362391733e-05
133                                   -2.4937635687422022e-06
134                                    1.1107448175284862e-05
135                                    1.2565216203297425e-05
136                                   -1.1436940279385688e-05
137                                   -2.0424805201646468e-05
138                                    2.1400582467523410e-05
139                                   -4.0041105288102230e-05
140                                   -1.8052349091607356e-05
141                                    1.1952011182703171e-06
142                                   -1.5555021783103529e-05
143                                    1.0274908770202540e-05
144                                   -1.4987013678247063e-05
145                                    1.6427077896841169e-06
146                                    3.2175850000759620e-06
147                                   -7.4552921271731076e-06
148                                    1.5365626992280834e-05
149                                   -1.9902874041827223e-05
150                                    1.4299510186166486e-05
151                                    1.4850442932673458e-05
152                                    1.2432928316694070e-05
153                                    2.2756759324268905e-05
154                                   -2.6481483946794171e-06
155                                   -1.1832945931926353e-05
156                                   -2.2532415731621458e-05
157                                   -2.4471344872975531e-05
158                                   -1.0345752627816118e-05
159                                   -2.9614672395830710e-05
160                                    1.7916745136577206e-06
161                                    2.7458753592363161e-05
162                                    2.7391199344740241e-05
163                                   -1.6759593250981197e-06
164                                   -6.9452955445831188e-08
165                                   -1.8842099472162095e-05
166                                    1.6774427378685175e-05
167                                   -1.0683879419218223e-04
168                                    9.6458376674379842e-06
169                                   -6.4189287385524318e-06
170                                    7.4140508715681008e-07
171                                   -4.1552675477452006e-05
172                                   -1.3158103568354507e-05
173                                   -4.7446692218289233e-05
174                                    4.9510519426754218e-06
175                                   -5.3685896118760290e-05
176                                   -2.4901732573807955e-05
177                                   -1.5782952796659921e-05
178                                    5.0394679659915634e-05
179                                   -1.0643438204643862e-05
180                                    5.1452947685354244e-05
181                                    7.8720556565152477e-05
182                                   -4.5731356162315162e-05
   &Method [&Type "String"] "SCF"
   &Level [&Type "String"] "Relaxed density"
   &Mult [&Type "Integer"] 1
   &State [&Type "Integer"] 0
   &Irrep [&Type "Integer"] 0
$End
$Geometry
   &GeometryIndex 10
   &NAtoms [&Type "Integer"] 61
   &NCorelessECP [&Type "Integer"] 0
   &NGhostAtoms [&Type "Integer"] 0
   &CartesianCoordinates [&Type "Coordinates", &Dim(61,4), &Units "Bohr"] 
              O    -15.521036026155    0.571388479283   -1.507058268836
              C    -13.988653274870   -1.021202591277   -0.965818982535
              N    -13.770422996937   -3.361674245262   -2.129916152253
              C    -11.856185682504   -4.896111360879   -1.201823214402
              O    -11.350478263328   -6.972995091235   -1.982067276054
              C    -10.555647673592   -3.454129958087    0.932116349925
              C     -7.697852075065   -3.210645390102    0.495820564858
              C     -6.568178800890   -1.355259776801    2.419161794874
              C     -3.825011519062   -0.720872920641    1.806185636518
              O     -2.115044409034   -2.219420861742    1.600778925206
              N     -3.606021763031    1.878686249743    1.509668702067
              C     -1.254112163913    3.231022347322    0.873551908777
              C      0.879717063167    2.815176855120    2.845115914426
              C      3.135184134705    1.349295865908    1.782082026878
              C      4.314903680014    2.636091101850   -0.551775579411
              C      5.989524838942    0.804951939036   -2.067077294156
              C      8.188956468118   -0.452063849286   -0.650565536870
              C     10.153078428720    1.456755840066    0.316004534787
              C     12.367564751618    0.167106009388    1.665823741196
              C     13.625497148498   -1.833481967343   -0.003685169344
              C     11.691325361122   -3.749418049969   -0.985240887399
              C      9.481776465220   -2.444107112877   -2.324106119029
              C      2.233856297143    3.803200991796   -2.267262536933
              C     -0.371641569481    2.628010855083   -1.823613845197
              C     -5.889441738046    3.149053881002    1.855089831525
              O     -6.169676455727    5.404530704607    1.669959941335
              C     -7.934358956095    1.222945389435    2.482473811122
              C    -10.181214705788    1.393236745947    0.654787262847
              C    -11.942799344281   -0.875379505070    1.062763106667
              H    -14.919320813542   -3.907242236731   -3.555084639090
              H    -10.868035722754   -4.540487572559    2.661844034112
              H     -6.788012771325   -5.048714357040    0.653394855537
              H     -7.332879183562   -2.541753505900   -1.424670010549
              H     -6.579740720887   -2.249065956258    4.281741810955
              H     -1.825535461327    5.208650802933    0.927695308175
              H      1.515752044380    4.667019671654    3.506747240335
              H      0.126940489452    1.841753776786    4.499427225656
              H      2.516064204594   -0.559158016990    1.295410822395
              H      4.556813082108    1.140830178377    3.264004128611
              H      5.501650199943    4.192996298614    0.115287532668
              H      6.762327734225    1.822184355832   -3.699322342954
              H      4.776102514290   -0.686399518723   -2.843464472993
              H      7.420761673873   -1.451529531541    0.995974722696
              H      9.268288650287    2.822209891900    1.588919394499
              H     10.875840176914    2.543507927983   -1.296413004741
              H     11.675170493436   -0.732809103438    3.399128586966
              H     13.754824306695    1.581010407697    2.256032145654
              H     14.539448350714   -0.902317745028   -1.613746698174
              H     15.123986254794   -2.799338624191    1.041942909180
              H     10.961407530010   -4.855878966037    0.607151782900
              H     12.601086788479   -5.094325389107   -2.263904781093
              H      8.090275908525   -3.849550470040   -2.928039688028
              H     10.173641220463   -1.525411291766   -4.050024668600
              H      2.760328870142    3.591176457225   -4.252160023153
              H      2.101169384048    5.839868156184   -1.929010176765
              H     -0.289336064508    0.585917544883   -2.104136154975
              H     -1.743948019127    3.377331114382   -3.172707373443
              H     -8.603878148914    1.658096584731    4.388207579492
              H    -11.204483133537    3.155336462556    0.936095279506
              H     -9.503590428071    1.415723172074   -1.296788296296
              H    -12.906719070384   -0.644322983205    2.875231170217
$End
$SCF_Energy
   &GeometryIndex 10
   &Method [&Type "String"] "SCF"
   &totalEnergy [&Type "ArrayOfDoubles", &Dim (1,1)] "Total energy of each state"
                                                         0

0                                     -1.3059165600745098e+03
   &Mult [&Type "ArrayOfIntegers", &Dim (1,1)] "Multiplicity of each state"
                                                         0

0                                                        1
$End
$DFT_Energy
   &GeometryIndex 10
   &nAlphaEl [&Type "Integer"] 108
   &nBetaEl [&Type "Integer"] 108
   &nTotalEl [&Type "Integer"] 216
   &finalEn [&Type "Double"]      -1.3059165600745098e+03  "No Van der Waals correction"
   &eExchange [&Type "Double"]      -1.4070500720738869e+02
   &eCorr [&Type "Double"]      -8.6210538684583184e+00
   &eXC [&Type "Double"]      -1.4932606107584701e+02
   &eCNL [&Type "Double"]       0.0000000000000000e+00
$End
$SCF_Timings
   &GeometryIndex 10
   &TOTAL [&Type "Double"]       6.3683175000000006e+01
   &PREP [&Type "Double"]       4.1325099999999998e-01
   &FOCK [&Type "Double"]       5.7235239999999997e+01
   &DENS [&Type "Double"]       4.2335900000000493e-01
   &ETOT [&Type "Double"]       1.7702999999999847e-01
   &POP [&Type "Double"]       9.9999999747524271e-07
   &TRAFO [&Type "Double"]       6.1523700000000403e-01
   &DIIS [&Type "Double"]       1.5778210000000037e+00
   &SOSCF [&Type "Double"]       1.1400080000000052e+00
   &XC [&Type "Double"]       4.8922210000000161e+00
   &FOCKSTART [&Type "Double"]       6.7962000000009737e-02
   &INT_PREP [&Type "Double"]       1.0000000010279564e-06
   &INT_BF [&Type "Double"]       1.0575109999999697e+00
   &INT_DENS [&Type "Double"]       1.6222470000001206e+00
   &INT_DENSIO [&Type "Double"]       9.6634320067000153e+04
   &INT_FUNC [&Type "Double"]       6.9180000000081066e-02
   &INT_POT [&Type "Double"]       1.4699610000002110e+00
   &INT_POTIO [&Type "Double"]       1.1267999999750700e-02
   &INT_SUM [&Type "Double"]       2.3920000000146047e-03
   &SPLITRIJ [&Type "Double"]       6.0308409999999864e+00
   &COSX [&Type "Double"]       4.7812013999999998e+01
$End
$Single_Point_Data
   &GeometryIndex 10
   &FinalEnergy [&Type "Double"]      -1.3059165600745098e+03  "Final single point energy"
   &Converged [&Type "Boolean"] true
$End
$SCF_Nuc_Gradient
   &GeometryIndex 10
   &NAtoms [&Type "Integer"] 61
   &gradNorm [&Type "Double"]       1.3372101474542096e-03
   &grad [&Type "ArrayOfDoubles", &Dim (183,1)] 
                                                         0

0                                      7.4617880292726646e-05
1                                     -5.7515729482926492e-05
2                                      1.2783908721790416e-04
3                                     -7.6729565053085258e-05
4                                      1.6928936743920708e-04
5                                     -1.6047378144609659e-04
6                                      4.2007511539932096e-05
7                                      2.0269718299027739e-05
8                                     -2.1506531829541473e-04
9                                     -8.3015045518775032e-05
10                                    -1.7637261623654199e-04
11                                    -1.1538112313297377e-04
12                                     7.7119248242926708e-05
13                                     1.1974718085577818e-04
14                                     7.2746504974546822e-05
15                                     3.0247795397417288e-04
16                                    -2.7524684930078924e-04
17                                     1.0132995374990961e-04
18                                    -6.3467106638376292e-05
19                                     7.9284848888458437e-05
20                                    -1.4907306306978507e-04
21                                     7.2864881199656822e-05
22                                    -4.0468165911992926e-04
23                                     2.0280483033256053e-04
24                                     2.7692654555688812e-04
25                                    -1.6789181599216607e-04
26                                    -1.0515654401875227e-04
27                                    -1.7079396859315255e-04
28                                     9.4741687869548397e-05
29                                     6.6332399871957270e-05
30                                     1.6896543497652017e-05
31                                     3.0691920737002665e-04
32                                    -2.1855054701452881e-04
33                                    -1.2295961304280290e-04
34                                    -1.0079258763490140e-04
35                                    -1.8263173797745252e-04
36                                    -2.5539672496823623e-05
37                                     8.9267619518077976e-05
38                                     4.5494730397110938e-05
39                                    -6.5251171023988919e-05
40                                    -8.5959545330999143e-05
41                                    -2.1113810474024386e-05
42                                     4.7373919647271390e-05
43                                     3.8231332562560505e-05
44                                     1.9908849528904593e-05
45                                     7.7182772303431568e-05
46                                    -6.0491817600372144e-05
47                                     3.0115516432796530e-05
48                                     3.0023913225875679e-05
49                                     4.1553709040006992e-05
50                                    -5.2592873082936420e-05
51                                    -8.1434895631796178e-05
52                                     2.8016426764365665e-06
53                                    -6.5287701046964214e-05
54                                    -2.6915016047880658e-06
55                                     6.0734006926677769e-05
56                                     6.8011043181437358e-05
57                                     8.3223939460169705e-05
58                                    -2.0797378177277170e-05
59                                    -1.0837907154091081e-05
60                                     2.7840175381696475e-05
61                                    -1.2251404573708491e-04
62                                    -3.8051834206020985e-05
63                                    -7.3677075030729317e-05
64                                     7.5918429997164083e-05
65                                     1.5517647056206840e-07
66                                     1.9231983342193892e-05
67                                     4.4132905686986024e-05
68                                     4.2445797319587419e-05
69                                    -2.4552290111327923e-05
70                                    -4.6934378669052923e-05
71                                     2.4472056743814197e-04
72                                     2.0910825110209003e-04
73                                     1.2936149038778044e-04
74                                     9.5084536787304330e-05
75                                    -1.9434248442820601e-05
76                                    -1.3692665951520189e-04
77                                    -2.1672233565320220e-05
78                                    -2.6276314642499632e-04
79                                     1.4848238199170749e-04
80                                     2.5708594731328749e-04
81                                     7.2062982083665600e-05
82                                    -3.6140428661401991e-06
83                                    -2.2489268820485853e-04
84                                    -3.0433621553836027e-04
85                                     2.6098559303013719e-04
86                                     2.9907982167792085e-04
87                                    -7.3202927405424667e-05
88                                    -4.1009160645366638e-05
89                                     6.5390987646130050e-05
90                                    -6.9909121859369761e-05
91                                     2.2473502385295108e-05
92                                    -4.1501545922806304e-05
93                                     1.5034555962245566e-05
94                                     3.2099018693609871e-05
95                                     3.4944566710635311e-05
96                                     3.9681069899363819e-05
97                                    -2.6058314270584193e-05
98                                     1.5282457959481244e-05
99                                    -5.6942806963920962e-05
100                                    3.1004972092130156e-05
101                                   -3.8797019042829950e-05
102                                    6.2883730894122691e-05
103                                   -7.8330222518796511e-06
104                                    5.1070525070943604e-05
105                                    8.5300827797202272e-06
106                                   -3.3312935932561238e-05
107                                    2.8222247572998183e-05
108                                    2.9269196613612714e-05
109                                    1.5822589511271801e-05
110                                    1.0923184305899891e-05
111                                    1.6620237144326921e-05
112                                    1.9421983044581870e-05
113                                    2.5123160840162528e-06
114                                    8.2776616960045235e-06
115                                    2.9732001817342479e-05
116                                   -1.1576457405709784e-05
117                                    2.8835987933129026e-05
118                                   -2.1576567298342564e-05
119                                   -4.9037335830157125e-05
120                                    8.8609937081984835e-06
121                                    1.9348313134104345e-05
122                                    2.0387956996048562e-05
123                                   -3.2524894524224579e-05
124                                    2.3470909655542993e-05
125                                    9.6837544093092420e-06
126                                   -2.1759082450806266e-05
127                                   -2.4378937949709467e-05
128                                   -2.6583853814904357e-05
129                                    1.1825667461690115e-05
130                                   -2.6228417492557554e-05
131                                    2.4220262082680355e-05
132                                   -4.7337879272718597e-06
133                                   -3.7021641421802753e-06
134                                    4.5088474527887890e-06
135                                    1.4463617664502160e-05
136                                   -7.1376751693830176e-07
137                                   -5.1575997376263061e-06
138                                    4.5867321639136982e-06
139                                   -2.2450224320874623e-05
140                                   -1.0113993718946501e-05
141                                    3.3065210552074564e-06
142                                   -1.1672389114231185e-05
143                                    5.3051005564630493e-06
144                                   -9.3605432648358189e-06
145                                    9.9843823810341625e-06
146                                    2.2743183394069444e-06
147                                   -1.9756965931039261e-05
148                                    1.5317193979541566e-05
149                                   -1.5565813652224092e-05
150                                    3.7662185147641081e-06
151                                    1.8525915992814723e-05
152                                    9.4031384397924578e-06
153                                    4.5773248438796266e-06
154                                   -7.5707175766770440e-06
155                                    2.6786863854738607e-05
156                                   -5.1149968488539699e-06
157                                   -1.3483643460904249e-05
158                                   -3.9156918403282504e-06
159                                   -1.6631240854797502e-05
160                                    2.7590272810434913e-06
161                                    6.2461808154057330e-06
162                                    1.1774668021956314e-05
163                                   -6.4999987728908692e-06
164                                   -1.7489026550382425e-05
165                                   -9.0313276085007138e-06
166                                    1.7636527471776020e-05
167                                   -1.1666264829772455e-04
168                                   -8.6307624720671772e-06
169                                   -2.3176581636502602e-05
170                                   -1.1574139440570508e-05
171                                   -1.9635252608590781e-05
172                                   -1.5070823454102489e-05
173                                   -6.6769176736203306e-05
174                                   -9.5639432226984900e-06
175                                   -2.5822920868168175e-05
176                                    1.0982479073235601e-05
177                                   -2.9100177595289822e-05
178                                    1.9881432534032267e-05
179                                    8.7469756417934974e-06
180                                    6.1290569814936857e-05
181                                    1.1100812626740203e-05
182                                   -1.4521477013751394e-05
   &Method [&Type "String"] "SCF"
   &Level [&Type "String"] "Relaxed density"
   &Mult [&Type "Integer"] 1
   &State [&Type "Integer"] 0
   &Irrep [&Type "Integer"] 0
$End
$Geometry
   &GeometryIndex 11
   &NAtoms [&Type "Integer"] 61
   &NCorelessECP [&Type "Integer"] 0
   &NGhostAtoms [&Type "Integer"] 0
   &CartesianCoordinates [&Type "Coordinates", &Dim(61,4), &Units "Bohr"] 
              O    -15.497374151301    0.569694690629   -1.559597204376
              C    -13.977298125172   -1.025157797085   -0.991203938345
              N    -13.764152308675   -3.379065661880   -2.129241079596
              C    -11.860200227764   -4.911879535269   -1.176942007745
              O    -11.362349501639   -6.999973836533   -1.931751319659
              C    -10.560324613590   -3.450913004228    0.944323325718
              C     -7.702101438620   -3.214216609993    0.507139884157
              C     -6.570600236091   -1.350388657740    2.420925199792
              C     -3.827469426448   -0.718638953199    1.805834568056
              O     -2.119210313440   -2.218372243460    1.594544649549
              N     -3.605844593203    1.881446388510    1.515167237538
              C     -1.252732139693    3.233638457133    0.882403017674
              C      0.880800122271    2.810545792540    2.852409236053
              C      3.134718761341    1.345222515120    1.785520628060
              C      4.315492572751    2.637062014415   -0.545060407653
              C      5.987935172635    0.808331949945   -2.065370259809
              C      8.187981615557   -0.452492796287   -0.652681487161
              C     10.152316730959    1.453630935117    0.318727002932
              C     12.367418205201    0.160135651698    1.663616156162
              C     13.624763293557   -1.835002118304   -0.012501322950
              C     11.690562401073   -3.748401905031   -0.998389074022
              C      9.480261883463   -2.439748224805   -2.332373644033
              C      2.235550509829    3.811509648671   -2.256698565424
              C     -0.370652730890    2.636917823718   -1.816655249262
              C     -5.890104629503    3.153020507589    1.853608911138
              O     -6.167960590980    5.408890612891    1.669070205050
              C     -7.936719125657    1.227549482853    2.475779797440
              C    -10.175954750806    1.394477949101    0.638863254188
              C    -11.943126386583   -0.869345255996    1.048477150651
              H    -14.907562316766   -3.933743186777   -3.555295091432
              H    -10.874124257716   -4.520168295784    2.684475923278
              H     -6.795141408387   -5.052973538271    0.673822901557
              H     -7.336805985595   -2.555115977824   -1.416669055052
              H     -6.580737314495   -2.235591521924    4.287821291045
              H     -1.823649967932    5.211364888332    0.941281506445
              H      1.518751880182    4.660313639390    3.518144750089
              H      0.127219964616    1.833667460293    4.504348480683
              H      2.513524958736   -0.561224717091    1.293532790068
              H      4.555934083292    1.131127103922    3.267085757528
              H      5.504042962283    4.190955360246    0.125900573107
              H      6.760419632216    1.828594163514   -3.695918183583
              H      4.773833591283   -0.681140667075   -2.844275843712
              H      7.420299110476   -1.456434697980    0.991433875137
              H      9.267939307897    2.815038935994    1.596235780624
              H     10.874420616140    2.545333577330   -1.290676565949
              H     11.675806263171   -0.744993224534    3.394565739828
              H     13.754431947477    1.572728789286    2.257663224722
              H     14.537208287507   -0.898639407815   -1.620449650171
              H     15.124413534747   -2.803523953286    1.029032771802
              H     10.961874549423   -4.859750616623    0.591222319883
              H     12.599757397855   -5.089485588062   -2.281544885837
              H      8.088489287000   -3.843540414583   -2.939570317222
              H     10.171403791509   -1.515882833691   -4.055837804264
              H      2.762129712962    3.605858707774   -4.242296498842
              H      2.104218320648    5.847131097858   -1.911585877528
              H     -0.289214192906    0.595318655989   -2.101115670135
              H     -1.742597220441    3.389998386292   -3.163990614370
              H     -8.613962931772    1.665276130299    4.378307355222
              H    -11.196906427925    3.159725096774    0.909186699032
              H     -9.490208861657    1.407838318247   -1.309927018547
              H    -12.918826733508   -0.626541380065    2.853284061761
$End
$SCF_Energy
   &GeometryIndex 11
   &Method [&Type "String"] "SCF"
   &totalEnergy [&Type "ArrayOfDoubles", &Dim (1,1)] "Total energy of each state"
                                                         0

0                                     -1.3059165548120441e+03
   &Mult [&Type "ArrayOfIntegers", &Dim (1,1)] "Multiplicity of each state"
                                                         0

0                                                        1
$End
$DFT_Energy
   &GeometryIndex 11
   &nAlphaEl [&Type "Integer"] 108
   &nBetaEl [&Type "Integer"] 108
   &nTotalEl [&Type "Integer"] 216
   &finalEn [&Type "Double"]      -1.3059165548120441e+03  "No Van der Waals correction"
   &eExchange [&Type "Double"]      -1.4070508784567744e+02
   &eCorr [&Type "Double"]      -8.6210736057181592e+00
   &eXC [&Type "Double"]      -1.4932616145139559e+02
   &eCNL [&Type "Double"]       0.0000000000000000e+00
$End
$SCF_Timings
   &GeometryIndex 11
   &TOTAL [&Type "Double"]       5.4499472999999995e+01
   &PREP [&Type "Double"]       4.1539300000000001e-01
   &FOCK [&Type "Double"]       4.7832507000000007e+01
   &DENS [&Type "Double"]       3.2294399999999257e-01
   &ETOT [&Type "Double"]       1.2942900000000535e-01
   &TRAFO [&Type "Double"]       6.0909700000000377e-01
   &DIIS [&Type "Double"]       1.5875099999999982e+00
   &SOSCF [&Type "Double"]       7.0547399999999527e-01
   &XC [&Type "Double"]       3.9945749999999904e+00
   &FOCKSTART [&Type "Double"]       5.7570000000004229e-02
   &INT_PREP [&Type "Double"]       3.0000000057484044e-06
   &INT_BF [&Type "Double"]       8.1468500000000166e-01
   &INT_DENS [&Type "Double"]       1.2795320000000707e+00
   &INT_DENSIO [&Type "Double"]       5.7208420496000086e+04
   &INT_FUNC [&Type "Double"]       5.5950999999995865e-02
   &INT_POT [&Type "Double"]       1.3022329999998368e+00
   &INT_POTIO [&Type "Double"]       8.6040000000293659e-03
   &INT_SUM [&Type "Double"]       2.0579999999910115e-03
   &SPLITRIJ [&Type "Double"]       4.7064009999999969e+00
   &COSX [&Type "Double"]       4.1655579000000003e+01
$End
$Single_Point_Data
   &GeometryIndex 11
   &FinalEnergy [&Type "Double"]      -1.3059165548120441e+03  "Final single point energy"
   &Converged [&Type "Boolean"] true
$End
$SCF_Nuc_Gradient
   &GeometryIndex 11
   &NAtoms [&Type "Integer"] 61
   &gradNorm [&Type "Double"]       1.0103606322267736e-03
   &grad [&Type "ArrayOfDoubles", &Dim (183,1)] 
                                                         0

0                                      1.0277464928226676e-04
1                                     -7.4560450735061679e-05
2                                      6.0755738428397432e-05
3                                     -2.0535154934275823e-04
4                                      2.6906040351173943e-04
5                                     -1.6114017390780888e-05
6                                      1.1309836950239294e-05
7                                     -8.0553617130101063e-06
8                                     -2.1506599590505326e-04
9                                      9.5876858615243088e-05
10                                    -2.7643318672460060e-04
11                                    -8.4361723356157770e-05
12                                    -5.3724041132463540e-08
13                                     1.2707736704892225e-04
14                                     5.3274533738739693e-05
15                                     1.9924502920045523e-04
16                                    -1.1697462430132130e-04
17                                     6.3023766898991085e-05
18                                    -7.3593696289023236e-05
19                                     8.7990919174635307e-05
20                                    -1.1685915358579380e-04
21                                     3.1020238093834238e-05
22                                    -2.3178169507630242e-04
23                                     1.0413512173482881e-04
24                                     2.1147056396439434e-04
25                                    -3.1438972588504477e-04
26                                     9.0670953222099504e-06
27                                    -1.1630650427663092e-04
28                                     1.1166650095983943e-04
29                                    -1.9277504543592505e-05
30                                     8.1187733442844578e-05
31                                     2.2281662765707977e-04
32                                    -6.4884970189183627e-05
33                                    -3.3590166886483808e-05
34                                    -4.4170180804520287e-05
35                                    -7.1935227244567315e-05
36                                    -9.5048472656400484e-06
37                                     2.3320685387070300e-05
38                                     2.7323332175518966e-05
39                                    -5.5457191956688467e-05
40                                    -7.0424386815509665e-05
41                                    -2.7656149598903612e-07
42                                     2.9255208280815070e-05
43                                     7.3649998368202629e-06
44                                    -9.9274868486792789e-06
45                                    -9.1818158497944391e-06
46                                    -4.6093464539393586e-05
47                                     2.1445969535849319e-05
48                                     7.7792189752949603e-05
49                                     3.3654696771460990e-05
50                                    -3.9649683929700308e-05
51                                    -6.6948133082252517e-05
52                                    -6.0879250518841577e-06
53                                    -4.0917744969819897e-05
54                                    -2.1099161828797008e-07
55                                     1.4915896620788793e-05
56                                     1.4161390317901645e-06
57                                     1.6366129090603088e-05
58                                    -2.8582951277379004e-05
59                                     7.3417690464698537e-06
60                                     2.8806079751376654e-05
61                                    -4.4447639706207687e-05
62                                    -3.1236096235731647e-05
63                                    -3.8087332878487812e-05
64                                     4.4363071522598996e-05
65                                    -1.1348663152874194e-05
66                                     1.9695208337291992e-05
67                                     2.9027218864004223e-05
68                                     8.1908858288640141e-05
69                                     2.9346897154475249e-06
70                                    -1.8172331678334430e-07
71                                     1.4037252459116190e-04
72                                    -6.3411278421274947e-05
73                                     1.4119715347182815e-04
74                                    -1.0914542267809191e-04
75                                     5.0071341294082028e-05
76                                    -4.6873146235859586e-05
77                                     2.9666280442014470e-05
78                                    -1.5408718134258398e-04
79                                     6.6313241543686230e-05
80                                     2.0480251083990209e-04
81                                     1.2778772301186986e-04
82                                    -2.9733650413060753e-05
83                                    -1.8577387424000696e-04
84                                    -1.3100278494607154e-04
85                                     1.4919158062190463e-04
86                                     1.7457220088373110e-04
87                                    -5.5643946197142524e-05
88                                    -2.1520706757788277e-05
89                                     4.8632618111749126e-05
90                                    -6.3730647437209437e-05
91                                     2.7033043037222315e-05
92                                    -7.1276865282188240e-06
93                                     1.4840676461874702e-05
94                                    -4.2679462819439351e-07
95                                     2.4773336338761165e-05
96                                     8.9343062672359030e-07
97                                     7.1075553660371327e-06
98                                     2.0699545726587942e-05
99                                    -3.1269340900119767e-05
100                                    6.0695358294005075e-05
101                                   -2.0033536464458823e-06
102                                   -1.3798032172315788e-05
103                                    2.6286232318317726e-06
104                                    2.5958529233555822e-05
105                                    9.9610780759304407e-06
106                                   -5.6727838494141647e-06
107                                   -7.3147782586741039e-06
108                                    2.2171071209220461e-05
109                                   -5.9501389718386033e-06
110                                    8.1055027743304198e-06
111                                    5.8622431347229997e-06
112                                    1.9100590749387969e-05
113                                   -1.5109610038338550e-05
114                                    2.9530842810265856e-06
115                                    2.5091669417807300e-05
116                                    1.2306605516765323e-05
117                                    2.7630788586113786e-05
118                                   -6.1919549422251308e-06
119                                   -5.3979608486659503e-05
120                                    1.5145857905241034e-05
121                                    2.0039980895947274e-05
122                                    7.9348681359947548e-06
123                                   -1.3165411872850807e-05
124                                    9.1889154468227652e-06
125                                    2.4044407403583934e-06
126                                   -2.4634274587792548e-05
127                                   -2.2529550381233943e-05
128                                   -5.6833684391188743e-06
129                                    1.2313690701648561e-05
130                                   -2.9659223409583824e-05
131                                    3.1718906005256953e-05
132                                    1.0238756440829333e-05
133                                   -4.0048330673531085e-06
134                                    3.5993243846510481e-07
135                                    9.7858084548430035e-06
136                                    3.8860836187315506e-06
137                                    7.6433806044939878e-06
138                                   -6.6614811586596101e-06
139                                   -5.9180783901213729e-07
140                                   -1.3621227535620672e-06
141                                    4.0646619784701077e-06
142                                   -4.6285929571898698e-06
143                                   -2.5041419288718281e-06
144                                   -1.0861630649339205e-06
145                                    7.3154505580430573e-06
146                                    1.1074832037133442e-06
147                                   -2.1333150805137591e-05
148                                    6.2634702557157196e-06
149                                   -5.8431785253110213e-06
150                                   -2.6546613215161496e-06
151                                    9.4423900226514590e-06
152                                   -5.0411049165033361e-06
153                                   -1.0293553757895202e-05
154                                   -1.0388034553249215e-05
155                                    3.7346773223610741e-05
156                                    1.0746853539182755e-05
157                                   -2.6184426134279182e-06
158                                   -6.1803506645752293e-08
159                                   -1.7127982319745105e-06
160                                    8.0973239633685967e-06
161                                   -9.5027499442679186e-06
162                                   -3.7794991241887899e-06
163                                   -4.1555228977030456e-06
164                                   -1.3727725748161057e-05
165                                    6.2459225890192788e-06
166                                    5.1647731861836910e-06
167                                   -6.8588402723238073e-05
168                                   -1.2085374550524497e-05
169                                   -2.4619624838323473e-05
170                                   -1.5377331908414393e-05
171                                   -2.2696410158395963e-05
172                                   -2.9508723416116212e-05
173                                   -2.3222974221165371e-05
174                                   -1.4446090754516305e-05
175                                    5.8540198648038277e-06
176                                    2.8111188079913557e-05
177                                   -1.6254675854907030e-05
178                                   -1.0481661991728480e-05
179                                    2.0959941905679402e-05
180                                    3.3585308730460506e-05
181                                   -2.3131108591145644e-05
182                                   -3.9448385278362252e-06
   &Method [&Type "String"] "SCF"
   &Level [&Type "String"] "Relaxed density"
   &Mult [&Type "Integer"] 1
   &State [&Type "Integer"] 0
   &Irrep [&Type "Integer"] 0
$End
$Geometry
   &GeometryIndex 12
   &NAtoms [&Type "Integer"] 61
   &NCorelessECP [&Type "Integer"] 0
   &NGhostAtoms [&Type "Integer"] 0
   &CartesianCoordinates [&Type "Coordinates", &Dim(61,4), &Units "Bohr"] 
              O    -15.481930528931    0.569479933906   -1.594800972882
              C    -13.970231777088   -1.026844886869   -1.007949284396
              N    -13.762621845689   -3.390267054986   -2.126434342603
              C    -11.866075760093   -4.921718541335   -1.157895128369
              O    -11.374235685675   -7.017630446892   -1.895153869407
              C    -10.565208670480   -3.447659047854    0.953280400694
              C     -7.706631471780   -3.216669570341    0.514583597863
              C     -6.573196936667   -1.346829380212    2.421128172191
              C     -3.830228708696   -0.717458358199    1.804530104409
              O     -2.123070859410   -2.218525029017    1.591638484149
              N     -3.606051081301    1.882504798056    1.517804842176
              C     -1.251592409418    3.233915049479    0.887514096797
              C      0.881291650092    2.804332338199    2.856531267412
              C      3.134202913335    1.339904204519    1.786447056598
              C      4.315737674448    2.636537448206   -0.540955576199
              C      5.988493526927    0.811034677909   -2.064669106824
              C      8.188844857144   -0.452130422162   -0.654220581295
              C     10.152855047511    1.452348763954    0.321430238510
              C     12.367802941849    0.156025138648    1.663723905606
              C     13.625850605122   -1.834394700923   -0.017188334040
              C     11.692428436280   -3.746134202570   -1.007375488567
              C      9.481949615293   -2.435165379359   -2.338479673453
              C      2.236706409709    3.815229916773   -2.250805035364
              C     -0.370179897345    2.641564846961   -1.813068970367
              C     -5.890233009260    3.155406117124    1.852351311398
              O     -6.166806543480    5.411377231392    1.666047023019
              C     -7.938377649924    1.231017490162    2.470634065595
              C    -10.173697892603    1.396604870739    0.629024189942
              C    -11.944367574518   -0.864258995379    1.039268620960
              H    -14.902005632386   -3.950845738092   -3.553387635374
              H    -10.879246859621   -4.504884219262    2.700775220608
              H     -6.802161167551   -5.056050643398    0.687679090800
              H     -7.341355387851   -2.564976799296   -1.411823638346
              H     -6.582046811449   -2.226629823284    4.290794238408
              H     -1.821036175167    5.211970317826    0.949980245595
              H      1.520559658949    4.652094384134    3.526667579277
              H      0.126556792444    1.824026245588    4.505931241489
              H      2.511605098078   -0.564962836026    1.289841556825
              H      4.555071233128    1.120980575499    3.267632057973
              H      5.504039107700    4.188883640727    0.134129753595
              H      6.760833844255    1.834268383059   -3.693403539863
              H      4.775019245529   -0.677459463753   -2.846406182597
              H      7.421516012388   -1.459702848467    0.987796996416
              H      9.268090050864    2.811107842848    1.601490153111
              H     10.875104525508    2.547435764193   -1.285613595485
              H     11.675800277153   -0.753638196934    3.392158015598
              H     13.754227208214    1.567525174599    2.261816116584
              H     14.537616357429   -0.893662220693   -1.622987237651
              H     15.126114448460   -2.804861704610    1.021689918129
              H     10.964352053361   -4.861596251672    0.579653953177
              H     12.602068556896   -5.083962958844   -2.293688553255
              H      8.090710329029   -3.837750209786   -2.949685492179
              H     10.173233451109   -1.506662146241   -4.059397014340
              H      2.763618440113    3.613210810695   -4.236677915339
              H      2.106475343557    5.850270550377   -1.901661380845
              H     -0.290012722909    0.600272689024   -2.099989495806
              H     -1.741782161953    3.397880966540   -3.158872396553
              H     -8.619590001904    1.670586099456    4.371441580521
              H    -11.192866008167    3.163822318705    0.893034019421
              H     -9.483396002332    1.404885694668   -1.318260665053
              H    -12.928530919323   -0.613174097234    2.838539380899
$End
$SCF_Energy
   &GeometryIndex 12
   &Method [&Type "String"] "SCF"
   &totalEnergy [&Type "ArrayOfDoubles", &Dim (1,1)] "Total energy of each state"
                                                         0

0                                     -1.3059165520819761e+03
   &Mult [&Type "ArrayOfIntegers", &Dim (1,1)] "Multiplicity of each state"
                                                         0

0                                                        1
$End
$DFT_Energy
   &GeometryIndex 12
   &nAlphaEl [&Type "Integer"] 108
   &nBetaEl [&Type "Integer"] 108
   &nTotalEl [&Type "Integer"] 216
   &finalEn [&Type "Double"]      -1.3059165520819761e+03  "No Van der Waals correction"
   &eExchange [&Type "Double"]      -1.4070538427131484e+02
   &eCorr [&Type "Double"]      -8.6211066931860643e+00
   &eXC [&Type "Double"]      -1.4932649096450092e+02
   &eCNL [&Type "Double"]       0.0000000000000000e+00
$End
$SCF_Timings
   &GeometryIndex 12
   &TOTAL [&Type "Double"]       5.0420514999999995e+01
   &PREP [&Type "Double"]       4.1331199999999996e-01
   &FOCK [&Type "Double"]       4.4518588000000001e+01
   &DENS [&Type "Double"]       3.0189800000000133e-01
   &ETOT [&Type "Double"]       1.1337899999999657e-01
   &TRAFO [&Type "Double"]       6.0017299999999985e-01
   &DIIS [&Type "Double"]       1.3023670000000021e+00
   &SOSCF [&Type "Double"]       6.9966800000000440e-01
   &XC [&Type "Double"]       3.3785489999999978e+00
   &FOCKSTART [&Type "Double"]       5.2736999999998202e-02
   &INT_BF [&Type "Double"]       7.0606100000000449e-01
   &INT_DENS [&Type "Double"]       1.1076370000000324e+00
   &INT_DENSIO [&Type "Double"]       4.7584676522000060e+04
   &INT_FUNC [&Type "Double"]       4.5714999999996841e-02
   &INT_POT [&Type "Double"]       1.1457829999999634e+00
   &INT_POTIO [&Type "Double"]       7.1030000000238402e-03
   &INT_SUM [&Type "Double"]       2.5009999999969779e-03
   &SPLITRIJ [&Type "Double"]       4.1585510000000081e+00
   &COSX [&Type "Double"]       3.9322220999999999e+01
$End
$Single_Point_Data
   &GeometryIndex 12
   &FinalEnergy [&Type "Double"]      -1.3059165520819761e+03  "Final single point energy"
   &Converged [&Type "Boolean"] true
$End
$SCF_Nuc_Gradient
   &GeometryIndex 12
   &NAtoms [&Type "Integer"] 61
   &gradNorm [&Type "Double"]       4.7629649083469078e-04
   &grad [&Type "ArrayOfDoubles", &Dim (183,1)] 
                                                         0

0                                      1.1698912027124919e-05
1                                     -5.1865263673955830e-05
2                                      2.4897046871863449e-05
3                                     -4.6120921736919618e-05
4                                      1.8819500763003760e-04
5                                     -4.1360878280105595e-06
6                                      1.1898866879380549e-05
7                                     -2.8750717895528743e-06
8                                     -9.5189647558432955e-05
9                                      7.2670968241941858e-05
10                                    -1.5132103124915197e-04
11                                     2.7184013927650241e-05
12                                    -2.1652159168494833e-05
13                                     5.5281969783327334e-05
14                                    -1.2505175211841024e-05
15                                     6.5051713529371002e-05
16                                     4.2773843536767636e-05
17                                    -2.9409909135955092e-05
18                                    -3.2302364668515549e-05
19                                     3.1732011246649039e-05
20                                    -1.8754561951897508e-05
21                                     5.8118428631070973e-06
22                                    -6.1553375795414533e-06
23                                     2.7057291223375746e-05
24                                     6.1750502079183089e-06
25                                    -2.0599568898344023e-04
26                                    -7.7219066942232906e-05
27                                    -2.1648753447678359e-06
28                                     5.4923522831096250e-05
29                                     5.4314490083792744e-06
30                                     5.1215298360468564e-05
31                                     4.1594361553272396e-05
32                                     4.3277607834193987e-05
33                                     2.2413731476718379e-05
34                                     8.2577357430613230e-06
35                                     1.4024673734933796e-05
36                                    -7.5737699045674844e-06
37                                    -1.9609386932795125e-05
38                                    -3.7372356938292217e-06
39                                    -1.3114714624323093e-05
40                                    -2.8947669884968330e-05
41                                     2.3043351354092023e-05
42                                    -8.2205516888228525e-06
43                                    -9.1617429580775900e-06
44                                    -1.3344486514389742e-05
45                                    -6.0727034711216543e-05
46                                    -1.4969338563500245e-05
47                                    -7.2946607493629134e-06
48                                     5.8873806222780461e-05
49                                     8.9468084305890927e-06
50                                     7.7131169813060563e-06
51                                    -2.5454414466531683e-05
52                                    -2.7148241466407042e-06
53                                    -1.5365562363240867e-05
54                                     4.4825158879713278e-06
55                                    -3.2350888954736645e-05
56                                    -3.6353131453781273e-05
57                                    -3.4683315876332665e-05
58                                    -1.7022154494859831e-05
59                                     1.1474199771654980e-05
60                                     1.8556565577771550e-05
61                                     1.7955276075995452e-05
62                                    -3.2657259703573055e-06
63                                    -1.2991829096489771e-06
64                                     6.8947660255939958e-06
65                                    -2.8556076782135231e-05
66                                     2.1144018556754074e-05
67                                    -3.9204187140817748e-06
68                                     5.5794492401055329e-05
69                                     1.7566519118140944e-05
70                                     2.4954300215013214e-05
71                                     9.8261636351792969e-06
72                                    -1.0689695948430666e-04
73                                     6.4688491137832038e-05
74                                     5.8670391235603192e-05
75                                     3.1818344677553290e-05
76                                     2.1982998638592210e-05
77                                    -3.5341120690993155e-05
78                                     1.3569877785564455e-05
79                                    -9.9584113308626154e-06
80                                     1.3120960543788751e-05
81                                     5.1747754691602171e-05
82                                    -2.4619868739222950e-05
83                                    -7.3564165693332240e-05
84                                    -8.8936566743427758e-06
85                                    -2.4669633969617855e-05
86                                     5.3859243662135459e-05
87                                    -2.7625998729602363e-05
88                                    -1.7472409621077656e-06
89                                     2.7467518294993498e-05
90                                    -4.8422464950056976e-05
91                                     1.4102205070837259e-05
92                                     3.7135930004983386e-06
93                                     9.3415090862691841e-06
94                                    -1.2631058741885415e-05
95                                     1.6583478719030265e-06
96                                    -1.1981834792007540e-05
97                                     2.6271668045516061e-05
98                                     8.8515978340364398e-06
99                                    -1.5993641614115740e-05
100                                    4.5329531675436519e-05
101                                    2.4719047168664243e-05
102                                   -3.8878597229584366e-05
103                                    5.5332113236550295e-06
104                                    8.0724048084224870e-06
105                                    6.3566410274523699e-06
106                                    9.2050044289693211e-06
107                                   -2.1606291598377791e-05
108                                    2.8952917393437749e-06
109                                   -1.5372477651709460e-05
110                                    7.1867781094303584e-06
111                                    2.1836447937351178e-07
112                                    5.5779679296596996e-06
113                                   -2.4580199013392312e-05
114                                   -4.1177731769370673e-06
115                                    1.0505967902182944e-05
116                                    1.8597436710315884e-05
117                                    1.5775546564983367e-05
118                                    5.0925265333845449e-06
119                                   -3.2272279419515160e-05
120                                    8.9491020786869324e-06
121                                    8.3549140581784531e-06
122                                    5.3372314146038491e-07
123                                    8.8115788067916201e-06
124                                   -3.2982577897189280e-06
125                                   -4.5523530679408841e-06
126                                   -1.3703364923900452e-05
127                                   -8.5900650600156947e-06
128                                    2.4774430867346986e-06
129                                    1.0154774156431734e-05
130                                   -1.9053491515111376e-05
131                                    2.1512918153498983e-05
132                                    1.5364228260074386e-05
133                                   -3.0139377589777361e-06
134                                    1.0802548567889758e-06
135                                    4.0192027049787415e-06
136                                    1.9480507211094844e-06
137                                    9.9962568132494489e-06
138                                   -8.1836956832004315e-06
139                                    9.8965877616818965e-06
140                                    3.2650757131394426e-06
141                                    3.5665500216497392e-06
142                                   -1.0665556405553556e-06
143                                   -6.4036655376131790e-06
144                                    3.8815404724557023e-06
145                                    6.7924841738731256e-07
146                                   -1.5478168126914493e-06
147                                   -1.2967192354079726e-05
148                                   -2.6715404987387448e-06
149                                   -2.7184132192770161e-06
150                                   -4.5434891404461109e-06
151                                    6.3540539334272506e-07
152                                   -1.3640345089854788e-05
153                                   -1.2143485628321460e-05
154                                   -6.2978934203261616e-06
155                                    2.3628213464431391e-05
156                                    1.2982205762818166e-05
157                                    2.1516094234341754e-06
158                                    1.8930240844594604e-06
159                                    8.3811746818193700e-06
160                                    1.6557293316267485e-05
161                                   -8.4932687151317854e-06
162                                   -5.7842287911474832e-06
163                                    2.9149237113501592e-06
164                                   -2.7301794548392766e-07
165                                    1.1823779284020342e-05
166                                   -6.0149764052885857e-07
167                                   -8.8734839964466072e-06
168                                   -8.4917819879321010e-06
169                                   -1.1645387109571192e-05
170                                   -1.0209925966120359e-05
171                                   -3.6759623049803514e-06
172                                   -1.6895943240946565e-05
173                                    1.4919655486611560e-06
174                                   -6.8832310883559789e-06
175                                    1.9110277288486577e-05
176                                    2.1919659048186269e-05
177                                   -5.3865303833999789e-07
178                                   -2.2969019924802547e-05
179                                    1.2426068331738982e-05
180                                    5.8220389501373315e-06
181                                   -2.0036383413975234e-05
182                                    1.3342325719811754e-05
   &Method [&Type "String"] "SCF"
   &Level [&Type "String"] "Relaxed density"
   &Mult [&Type "Integer"] 1
   &State [&Type "Integer"] 0
   &Irrep [&Type "Integer"] 0
$End
$Geometry
   &GeometryIndex 13
   &NAtoms [&Type "Integer"] 61
   &NCorelessECP [&Type "Integer"] 0
   &NGhostAtoms [&Type "Integer"] 0
   &CartesianCoordinates [&Type "Coordinates", &Dim(61,4), &Units "Bohr"] 
              O    -15.475299177406    0.573368573187   -1.609640157324
              C    -13.968740449880   -1.024859901550   -1.014388433552
              N    -13.764722303718   -3.392108897074   -2.124781045360
              C    -11.872161568745   -4.923836584293   -1.149515638832
              O    -11.384030532107   -7.023376497100   -1.879179989297
              C    -10.569818250053   -3.445189338990    0.957308600751
              C     -7.711043903536   -3.217754772431    0.517101474070
              C     -6.575575175369   -1.346235886667    2.420708465902
              C     -3.832546618489   -0.718384917391    1.803356014059
              O     -2.126654425220   -2.220802291458    1.588613519065
              N     -3.606593942247    1.881263588730    1.517797581209
              C     -1.251112444708    3.231524092621    0.888556486982
              C      0.881293657338    2.798915861816    2.857422476855
              C      3.134056803368    1.335303744389    1.785917797403
              C      4.315791581365    2.634358743442   -0.539926897290
              C      5.990062641079    0.811053102122   -2.064604494566
              C      8.190916117671   -0.451846915182   -0.654751172085
              C     10.153681276066    1.453161252423    0.322647744688
              C     12.369072074641    0.157000082096    1.664398333999
              C     13.628828529213   -1.830847869672   -0.018277079921
              C     11.696910372624   -3.743116006637   -1.010387142568
              C      9.485731734399   -2.432496741777   -2.340623783959
              C      2.236937178456    3.813572812680   -2.249772462088
              C     -0.370208491058    2.640376995312   -1.812514656685
              C     -5.890018534695    3.155329256757    1.852247179246
              O     -6.165133160798    5.411668850533    1.668006763978
              C     -7.939441402276    1.232129770201    2.469361039401
              C    -10.173783301151    1.398893813025    0.626644739892
              C    -11.946523287478   -0.860438869240    1.036195053719
              H    -14.902248190255   -3.954308386223   -3.552584980817
              H    -10.883564934326   -4.497571369438    2.707772115519
              H     -6.808474066741   -5.057794717432    0.692544511146
              H     -7.345853042736   -2.569354119261   -1.410472285843
              H     -6.583539244906   -2.224730729806    4.291058016760
              H     -1.819034372929    5.209938659816    0.952262511501
              H      1.520875232129    4.645619334536    3.530177103877
              H      0.125894422130    1.816688945587    4.505352004685
              H      2.511239204923   -0.569014837446    1.287378590322
              H      4.554855634899    1.114475065084    3.266859130525
              H      5.502895209880    4.186708971998    0.137280297193
              H      6.761991509687    1.835812726156   -3.692547360514
              H      4.777687187423   -0.677686623505   -2.847589021702
              H      7.424164029888   -1.461206215839    0.986385162163
              H      9.267795097227    2.810690865738    1.603245930656
              H     10.875559783349    2.549714752917   -1.283549129175
              H     11.677044105243   -0.754959348353    3.391600275380
              H     13.754450925376    1.568709454435    2.264387668066
              H     14.539984415887   -0.887873857247   -1.623091529762
              H     15.129723601683   -2.801252711718    1.019752605741
              H     10.969615984522   -4.860622580724    0.575548754020
              H     12.607702878678   -5.079134334868   -2.297782753649
              H      8.095686404326   -3.835368065229   -2.953862944801
              H     10.176723510839   -1.501693243836   -4.060412989828
              H      2.764048439243    3.612056774926   -4.235609840954
              H      2.107029645216    5.848537683538   -1.900014147237
              H     -0.290878964512    0.599168052271   -2.100136338787
              H     -1.741697156479    3.398053470119   -3.157608892827
              H     -8.621344656538    1.672318834532    4.369826755212
              H    -11.191569257491    3.167041810366    0.889320604524
              H     -9.482181175007    1.406283466421   -1.320244043736
              H    -12.934449599014   -0.605874667116    2.832971293935
$End
$SCF_Mulliken_Population_Analysis
   &GeometryIndex 13
   &NAtoms [&Type "Integer"] 61
   &ATNO [&Type "ArrayOfIntegers", &Dim (61,1)] 
                                                         0

0                                                        8
1                                                        6
2                                                        7
3                                                        6
4                                                        8
5                                                        6
6                                                        6
7                                                        6
8                                                        6
9                                                        8
10                                                       7
11                                                       6
12                                                       6
13                                                       6
14                                                       6
15                                                       6
16                                                       6
17                                                       6
18                                                       6
19                                                       6
20                                                       6
21                                                       6
22                                                       6
23                                                       6
24                                                       6
25                                                       8
26                                                       6
27                                                       6
28                                                       6
29                                                       1
30                                                       1
31                                                       1
32                                                       1
33                                                       1
34                                                       1
35                                                       1
36                                                       1
37                                                       1
38                                                       1
39                                                       1
40                                                       1
41                                                       1
42                                                       1
43                                                       1
44                                                       1
45                                                       1
46                                                       1
47                                                       1
48                                                       1
49                                                       1
50                                                       1
51                                                       1
52                                                       1
53                                                       1
54                                                       1
55                                                       1
56                                                       1
57                                                       1
58                                                       1
59                                                       1
60                                                       1
   &AtomicCharges [&Type "ArrayOfDoubles", &Dim (61,1)] 
                                                         0

0                                     -2.8110965063869209e-01
1                                      1.8223646069466071e-01
2                                     -2.1260737365362292e-01
3                                      1.8181003125436757e-01
4                                     -2.8138364771867685e-01
5                                      4.0079866155490862e-02
6                                     -3.6246051939565760e-01
7                                      1.0072267659210965e-01
8                                      1.3561702033419021e-01
9                                     -3.2707292504165153e-01
10                                    -8.6243832823987177e-02
11                                     3.9587871906832106e-02
12                                    -1.5570862492397186e-01
13                                    -2.6039878255850279e-01
14                                     5.5947432135367237e-02
15                                    -2.7902785021901799e-01
16                                    -2.7666759683508957e-04
17                                    -2.0651407178620040e-01
18                                    -1.5845820300714575e-01
19                                    -1.6114011004017570e-01
20                                    -1.5403393073022809e-01
21                                    -1.7172095044030744e-01
22                                    -1.5064855318052306e-01
23                                    -2.4592567342011051e-01
24                                     1.6890641769399029e-01
25                                    -3.1089209416925812e-01
26                                     2.7599581939610651e-02
27                                    -3.5151181243821128e-01
28                                     3.9345871517106445e-02
29                                     2.2829483346989787e-01
30                                     9.5009206726345052e-02
31                                     1.3569736405409905e-01
32                                     1.2975398900088875e-01
33                                     8.6746107749250179e-02
34                                     1.1262086163260498e-01
35                                     9.5836531973186645e-02
36                                     9.6293860018761945e-02
37                                     1.2615620580940001e-01
38                                     9.9411016398921914e-02
39                                     5.9334560073405762e-02
40                                     8.5073011221646233e-02
41                                     9.4451552197073130e-02
42                                     6.1816884099291314e-02
43                                     9.1637484149158066e-02
44                                     7.4022658055756030e-02
45                                     7.7901167270603255e-02
46                                     8.9040059911414726e-02
47                                     7.4684342335166853e-02
48                                     8.9087938043028281e-02
49                                     7.7360365413716048e-02
50                                     8.9039583870125005e-02
51                                     8.6655833990725961e-02
52                                     7.2766215088427177e-02
53                                     9.1972519857886015e-02
54                                     8.9244408531830799e-02
55                                     1.2518361326492422e-01
56                                     1.0069110596576447e-01
57                                     8.9931850241884215e-02
58                                     1.3671325434732884e-01
59                                     1.2812869544382388e-01
60                                     9.4724963352231129e-02
   &Method [&Type "String"] "SCF"
   &Level [&Type "String"] "Relaxed density"
   &Mult [&Type "Integer"] 1
   &State [&Type "Integer"] -1
   &Irrep [&Type "Integer"] 0
$End
$SCF_Loewdin_Population_Analysis
   &GeometryIndex 13
   &NAtoms [&Type "Integer"] 61
   &ATNO [&Type "ArrayOfIntegers", &Dim (61,1)] 
                                                         0

0                                                        8
1                                                        6
2                                                        7
3                                                        6
4                                                        8
5                                                        6
6                                                        6
7                                                        6
8                                                        6
9                                                        8
10                                                       7
11                                                       6
12                                                       6
13                                                       6
14                                                       6
15                                                       6
16                                                       6
17                                                       6
18                                                       6
19                                                       6
20                                                       6
21                                                       6
22                                                       6
23                                                       6
24                                                       6
25                                                       8
26                                                       6
27                                                       6
28                                                       6
29                                                       1
30                                                       1
31                                                       1
32                                                       1
33                                                       1
34                                                       1
35                                                       1
36                                                       1
37                                                       1
38                                                       1
39                                                       1
40                                                       1
41                                                       1
42                                                       1
43                                                       1
44                                                       1
45                                                       1
46                                                       1
47                                                       1
48                                                       1
49                                                       1
50                                                       1
51                                                       1
52                                                       1
53                                                       1
54                                                       1
55                                                       1
56                                                       1
57                                                       1
58                                                       1
59                                                       1
60                                                       1
   &AtomicCharges [&Type "ArrayOfDoubles", &Dim (61,1)] 
                                                         0

0                                      1.1776155051586468e-01
1                                     -3.8591617458525374e-01
2                                      2.0573332131924893e-01
3                                     -3.8582575462822088e-01
4                                      1.1754957909982444e-01
5                                     -1.6449735445230651e-01
6                                     -1.7651112496019294e-01
7                                     -1.6359539487896857e-01
8                                     -3.6283295383942082e-01
9                                      1.1708583574897169e-01
10                                     2.8021797758652234e-01
11                                    -2.1379365792562499e-01
12                                    -2.1808933793310903e-01
13                                    -2.3468589754617142e-01
14                                    -2.4070693169387702e-01
15                                    -2.1802562368896350e-01
16                                    -2.5050243512626835e-01
17                                    -2.3395873041386750e-01
18                                    -2.5787906270872440e-01
19                                    -2.6076607873906710e-01
20                                    -2.5836639923246718e-01
21                                    -2.3350895979573494e-01
22                                    -2.2047379725228655e-01
23                                    -2.2795195674396673e-01
24                                    -3.5769844768067749e-01
25                                     1.1490923630560612e-01
26                                    -1.6456946281836160e-01
27                                    -1.7617554024065019e-01
28                                    -1.6440316557580736e-01
29                                     1.9489321428740014e-01
30                                     1.6738775629866076e-01
31                                     1.5362000354508520e-01
32                                     1.4679779659173864e-01
33                                     1.6624055855764830e-01
34                                     1.6031694595369528e-01
35                                     1.3757508916062022e-01
36                                     1.3899903557447657e-01
37                                     1.4242155299048265e-01
38                                     1.3425404187778944e-01
39                                     1.4471512040861345e-01
40                                     1.3648044049519459e-01
41                                     1.3960107024635215e-01
42                                     1.5048141725661590e-01
43                                     1.3135762646295157e-01
44                                     1.3475356956572271e-01
45                                     1.3227568266552814e-01
46                                     1.3026799961509417e-01
47                                     1.3176609624409119e-01
48                                     1.3011660049073126e-01
49                                     1.3240874633933442e-01
50                                     1.3044066729640313e-01
51                                     1.3320146748205064e-01
52                                     1.3411295026879044e-01
53                                     1.3683699114008840e-01
54                                     1.3478720223450147e-01
55                                     1.4171943841774703e-01
56                                     1.3481969002283345e-01
57                                     1.6694973502861998e-01
58                                     1.5386553472728426e-01
59                                     1.4686058775973809e-01
60                                     1.6715211287764042e-01
   &Method [&Type "String"] "SCF"
   &Level [&Type "String"] "Relaxed density"
   &Mult [&Type "Integer"] 1
   &State [&Type "Integer"] -1
   &Irrep [&Type "Integer"] 0
$End
$SCF_Mayer_Population_Analysis
   &GeometryIndex 13
   &NAtoms [&Type "Integer"] 61 "Total number of atoms"
   &NBondOrdersPrint [&Type "Integer"] 65 "The number of bond orders larger than threshold"
   &bondThresh [&Type "Double"]       1.0000000000000001e-01  "The threshold for printing"
   &components [&Type "ArrayOfIntegers", &Dim (65,4)] "The indices and atomic numbers of the bonding atoms"
                                                         0                           1                           2                           3

0                                                        0                           8                           1                           6
1                                                        1                           6                           2                           7
2                                                        1                           6                          28                           6
3                                                        2                           7                           3                           6
4                                                        2                           7                          29                           1
5                                                        3                           6                           4                           8
6                                                        3                           6                           5                           6
7                                                        5                           6                           6                           6
8                                                        5                           6                          28                           6
9                                                        5                           6                          30                           1
10                                                       6                           6                           7                           6
11                                                       6                           6                          31                           1
12                                                       6                           6                          32                           1
13                                                       7                           6                           8                           6
14                                                       7                           6                          26                           6
15                                                       7                           6                          33                           1
16                                                       8                           6                           9                           8
17                                                       8                           6                          10                           7
18                                                      10                           7                          11                           6
19                                                      10                           7                          24                           6
20                                                      11                           6                          12                           6
21                                                      11                           6                          23                           6
22                                                      11                           6                          34                           1
23                                                      12                           6                          13                           6
24                                                      12                           6                          35                           1
25                                                      12                           6                          36                           1
26                                                      13                           6                          14                           6
27                                                      13                           6                          37                           1
28                                                      13                           6                          38                           1
29                                                      14                           6                          15                           6
30                                                      14                           6                          22                           6
31                                                      14                           6                          39                           1
32                                                      15                           6                          16                           6
33                                                      15                           6                          40                           1
34                                                      15                           6                          41                           1
35                                                      16                           6                          17                           6
36                                                      16                           6                          21                           6
37                                                      16                           6                          42                           1
38                                                      17                           6                          18                           6
39                                                      17                           6                          43                           1
40                                                      17                           6                          44                           1
41                                                      18                           6                          19                           6
42                                                      18                           6                          45                           1
43                                                      18                           6                          46                           1
44                                                      19                           6                          20                           6
45                                                      19                           6                          47                           1
46                                                      19                           6                          48                           1
47                                                      20                           6                          21                           6
48                                                      20                           6                          49                           1
49                                                      20                           6                          50                           1
50                                                      21                           6                          51                           1
51                                                      21                           6                          52                           1
52                                                      22                           6                          23                           6
53                                                      22                           6                          53                           1
54                                                      22                           6                          54                           1
55                                                      23                           6                          55                           1
56                                                      23                           6                          56                           1
57                                                      24                           6                          25                           8
58                                                      24                           6                          26                           6
59                                                      26                           6                          27                           6
60                                                      26                           6                          57                           1
61                                                      27                           6                          28                           6
62                                                      27                           6                          58                           1
63                                                      27                           6                          59                           1
64                                                      28                           6                          60                           1
   &BondOrders [&Type "ArrayOfDoubles", &Dim (65,1)] "The bond orders"
                                                         0

0                                      2.1697590088597276e+00
1                                      1.1187786308130732e+00
2                                      9.1803337368395199e-01
3                                      1.1190840076203954e+00
4                                      8.9729639113517634e-01
5                                      2.1696463818985947e+00
6                                      9.1819764405078130e-01
7                                      9.2686648161856011e-01
8                                      9.5438115135096313e-01
9                                      9.2663568299918109e-01
10                                     9.0229244501207551e-01
11                                     9.8614977500296008e-01
12                                     9.6181620782448285e-01
13                                     9.6061413804718154e-01
14                                     1.0010695056108261e+00
15                                     9.1671910699578174e-01
16                                     2.0435631668889807e+00
17                                     1.1200974976310587e+00
18                                     8.3784276066935925e-01
19                                     1.1030192420329070e+00
20                                     9.2682297940107183e-01
21                                     9.7128778798860183e-01
22                                     9.4687874945207040e-01
23                                     1.0006060016047824e+00
24                                     9.5797299693032212e-01
25                                     9.7327197539193133e-01
26                                     9.7114331457260961e-01
27                                     9.4986028711001147e-01
28                                     9.6595487915941014e-01
29                                     9.5628207126259857e-01
30                                     9.4490972619744062e-01
31                                     9.5711774222494639e-01
32                                     9.5559695928595922e-01
33                                     9.6256385066067851e-01
34                                     9.7362730731443248e-01
35                                     9.7129282529961281e-01
36                                     9.8020310743439998e-01
37                                     9.5343309085995498e-01
38                                     9.8513225540201210e-01
39                                     9.7060359792713591e-01
40                                     9.5450798017365612e-01
41                                     9.8525023453085148e-01
42                                     9.6530926730030453e-01
43                                     9.7230539819926110e-01
44                                     9.8521522048826626e-01
45                                     9.6403359086187779e-01
46                                     9.6809973332436705e-01
47                                     9.9217278616221338e-01
48                                     9.6464469942385145e-01
49                                     9.7091289706946393e-01
50                                     9.6601111877848878e-01
51                                     9.5927957191932012e-01
52                                     9.9121228031680009e-01
53                                     9.6874827876644742e-01
54                                     9.6026371413473499e-01
55                                     9.6887323330035335e-01
56                                     9.6668399952869111e-01
57                                     2.0672725677803356e+00
58                                     9.7841012757661183e-01
59                                     9.1552110876759207e-01
60                                     9.2276405703208275e-01
61                                     9.2590259367454664e-01
62                                     9.8621498930221851e-01
63                                     9.6022049427028300e-01
64                                     9.2766995066391389e-01
   &ATNO [&Type "ArrayOfIntegers", &Dim (61,1)] "Atomic number of the elements"
                                                         0

0                                                        8
1                                                        6
2                                                        7
3                                                        6
4                                                        8
5                                                        6
6                                                        6
7                                                        6
8                                                        6
9                                                        8
10                                                       7
11                                                       6
12                                                       6
13                                                       6
14                                                       6
15                                                       6
16                                                       6
17                                                       6
18                                                       6
19                                                       6
20                                                       6
21                                                       6
22                                                       6
23                                                       6
24                                                       6
25                                                       8
26                                                       6
27                                                       6
28                                                       6
29                                                       1
30                                                       1
31                                                       1
32                                                       1
33                                                       1
34                                                       1
35                                                       1
36                                                       1
37                                                       1
38                                                       1
39                                                       1
40                                                       1
41                                                       1
42                                                       1
43                                                       1
44                                                       1
45                                                       1
46                                                       1
47                                                       1
48                                                       1
49                                                       1
50                                                       1
51                                                       1
52                                                       1
53                                                       1
54                                                       1
55                                                       1
56                                                       1
57                                                       1
58                                                       1
59                                                       1
60                                                       1
   &NA [&Type "ArrayOfDoubles", &Dim (61,1)] "Mulliken gross atomic population"
                                                         0

0                                      8.2811096506386903e+00
1                                      5.8177635393053331e+00
2                                      7.2126073736536274e+00
3                                      5.8181899687456333e+00
4                                      8.2813836477186786e+00
5                                      5.9599201338445127e+00
6                                      6.3624605193956576e+00
7                                      5.8992773234078877e+00
8                                      5.8643829796658089e+00
9                                      8.3270729250416462e+00
10                                     7.0862438328239881e+00
11                                     5.9604121280931635e+00
12                                     6.1557086249239772e+00
13                                     6.2603987825584992e+00
14                                     5.9440525678646337e+00
15                                     6.2790278502190260e+00
16                                     6.0002766675968351e+00
17                                     6.2065140717862022e+00
18                                     6.1584582030071449e+00
19                                     6.1611401100401766e+00
20                                     6.1540339307302219e+00
21                                     6.1717209504403039e+00
22                                     6.1506485531805231e+00
23                                     6.2459256734201141e+00
24                                     5.8310935823060097e+00
25                                     8.3108920941692652e+00
26                                     5.9724004180603858e+00
27                                     6.3515118124382148e+00
28                                     5.9606541284828856e+00
29                                     7.7170516653010246e-01
30                                     9.0499079327365495e-01
31                                     8.6430263594590162e-01
32                                     8.7024601099911125e-01
33                                     9.1325389225075027e-01
34                                     8.8737913836739468e-01
35                                     9.0416346802681313e-01
36                                     9.0370613998123739e-01
37                                     8.7384379419060032e-01
38                                     9.0058898360107797e-01
39                                     9.4066543992659413e-01
40                                     9.1492698877835343e-01
41                                     9.0554844780292676e-01
42                                     9.3818311590070902e-01
43                                     9.0836251585084238e-01
44                                     9.2597734194424386e-01
45                                     9.2209883272939752e-01
46                                     9.1095994008858572e-01
47                                     9.2531565766483315e-01
48                                     9.1091206195697183e-01
49                                     9.2263963458628373e-01
50                                     9.1096041612987477e-01
51                                     9.1334416600927437e-01
52                                     9.2723378491157260e-01
53                                     9.0802748014211354e-01
54                                     9.1075559146816887e-01
55                                     8.7481638673507600e-01
56                                     8.9930889403423553e-01
57                                     9.1006814975811601e-01
58                                     8.6328674565267083e-01
59                                     8.7187130455617601e-01
60                                     9.0527503664776854e-01
   &ZA [&Type "ArrayOfDoubles", &Dim (61,1)] "Total nuclear charge"
                                                         0

0                                      8.0000000000000000e+00
1                                      6.0000000000000000e+00
2                                      7.0000000000000000e+00
3                                      6.0000000000000000e+00
4                                      8.0000000000000000e+00
5                                      6.0000000000000000e+00
6                                      6.0000000000000000e+00
7                                      6.0000000000000000e+00
8                                      6.0000000000000000e+00
9                                      8.0000000000000000e+00
10                                     7.0000000000000000e+00
11                                     6.0000000000000000e+00
12                                     6.0000000000000000e+00
13                                     6.0000000000000000e+00
14                                     6.0000000000000000e+00
15                                     6.0000000000000000e+00
16                                     6.0000000000000000e+00
17                                     6.0000000000000000e+00
18                                     6.0000000000000000e+00
19                                     6.0000000000000000e+00
20                                     6.0000000000000000e+00
21                                     6.0000000000000000e+00
22                                     6.0000000000000000e+00
23                                     6.0000000000000000e+00
24                                     6.0000000000000000e+00
25                                     8.0000000000000000e+00
26                                     6.0000000000000000e+00
27                                     6.0000000000000000e+00
28                                     6.0000000000000000e+00
29                                     1.0000000000000000e+00
30                                     1.0000000000000000e+00
31                                     1.0000000000000000e+00
32                                     1.0000000000000000e+00
33                                     1.0000000000000000e+00
34                                     1.0000000000000000e+00
35                                     1.0000000000000000e+00
36                                     1.0000000000000000e+00
37                                     1.0000000000000000e+00
38                                     1.0000000000000000e+00
39                                     1.0000000000000000e+00
40                                     1.0000000000000000e+00
41                                     1.0000000000000000e+00
42                                     1.0000000000000000e+00
43                                     1.0000000000000000e+00
44                                     1.0000000000000000e+00
45                                     1.0000000000000000e+00
46                                     1.0000000000000000e+00
47                                     1.0000000000000000e+00
48                                     1.0000000000000000e+00
49                                     1.0000000000000000e+00
50                                     1.0000000000000000e+00
51                                     1.0000000000000000e+00
52                                     1.0000000000000000e+00
53                                     1.0000000000000000e+00
54                                     1.0000000000000000e+00
55                                     1.0000000000000000e+00
56                                     1.0000000000000000e+00
57                                     1.0000000000000000e+00
58                                     1.0000000000000000e+00
59                                     1.0000000000000000e+00
60                                     1.0000000000000000e+00
   &QA [&Type "ArrayOfDoubles", &Dim (61,1)] "Mulliken gross atomic charge"
                                                         0

0                                     -2.8110965063869031e-01
1                                      1.8223646069466692e-01
2                                     -2.1260737365362736e-01
3                                      1.8181003125436668e-01
4                                     -2.8138364771867863e-01
5                                      4.0079866155487309e-02
6                                     -3.6246051939565760e-01
7                                      1.0072267659211231e-01
8                                      1.3561702033419110e-01
9                                     -3.2707292504164620e-01
10                                    -8.6243832823988065e-02
11                                     3.9587871906836547e-02
12                                    -1.5570862492397719e-01
13                                    -2.6039878255849924e-01
14                                     5.5947432135366348e-02
15                                    -2.7902785021902599e-01
16                                    -2.7666759683508957e-04
17                                    -2.0651407178620218e-01
18                                    -1.5845820300714486e-01
19                                    -1.6114011004017659e-01
20                                    -1.5403393073022187e-01
21                                    -1.7172095044030389e-01
22                                    -1.5064855318052306e-01
23                                    -2.4592567342011407e-01
24                                     1.6890641769399029e-01
25                                    -3.1089209416926522e-01
26                                     2.7599581939614204e-02
27                                    -3.5151181243821483e-01
28                                     3.9345871517114439e-02
29                                     2.2829483346989754e-01
30                                     9.5009206726345052e-02
31                                     1.3569736405409838e-01
32                                     1.2975398900088875e-01
33                                     8.6746107749249735e-02
34                                     1.1262086163260532e-01
35                                     9.5836531973186867e-02
36                                     9.6293860018762611e-02
37                                     1.2615620580939968e-01
38                                     9.9411016398922025e-02
39                                     5.9334560073405873e-02
40                                     8.5073011221646566e-02
41                                     9.4451552197073241e-02
42                                     6.1816884099290981e-02
43                                     9.1637484149157622e-02
44                                     7.4022658055756141e-02
45                                     7.7901167270602478e-02
46                                     8.9040059911414282e-02
47                                     7.4684342335166853e-02
48                                     8.9087938043028170e-02
49                                     7.7360365413716270e-02
50                                     8.9039583870125227e-02
51                                     8.6655833990725628e-02
52                                     7.2766215088427399e-02
53                                     9.1972519857886459e-02
54                                     8.9244408531831132e-02
55                                     1.2518361326492400e-01
56                                     1.0069110596576447e-01
57                                     8.9931850241883993e-02
58                                     1.3671325434732917e-01
59                                     1.2812869544382399e-01
60                                     9.4724963352231462e-02
   &VA [&Type "ArrayOfDoubles", &Dim (61,1)] "Mayer's total valence"
                                                         0

0                                      2.2187215706113164e+00
1                                      4.3242361614050191e+00
2                                      3.0964912402925018e+00
3                                      4.3243624392128392e+00
4                                      2.2186141619172686e+00
5                                      3.6613434708496082e+00
6                                      4.0025024068830772e+00
7                                      3.7520349283581487e+00
8                                      4.2709201966890307e+00
9                                      2.1643736403647575e+00
10                                     3.1406613794990252e+00
11                                     3.7047842403145719e+00
12                                     3.9020835559767368e+00
13                                     3.9577729655304736e+00
14                                     3.8026176196908783e+00
15                                     3.9132329710319893e+00
16                                     3.8472582243756412e+00
17                                     3.9101200821502431e+00
18                                     3.9175267882620433e+00
19                                     3.9120932883350901e+00
20                                     3.9163321457666509e+00
21                                     3.9100999194097916e+00
22                                     3.8839964388161397e+00
23                                     4.0019588880737222e+00
24                                     4.2722426773448507e+00
25                                     2.1883955313448817e+00
26                                     3.8356206127854917e+00
27                                     3.9988010197066650e+00
28                                     3.6574167695391315e+00
29                                     9.7228372279790876e-01
30                                     9.7549564577515002e-01
31                                     9.9951148113621446e-01
32                                     9.6016122265588222e-01
33                                     9.7447714027379195e-01
34                                     1.0071468793144296e+00
35                                     9.6579977405371820e-01
36                                     9.7746723948295267e-01
37                                     9.8421637700139608e-01
38                                     9.6477983059624173e-01
39                                     9.6604192412949497e-01
40                                     9.7872526765307533e-01
41                                     9.7527206749103879e-01
42                                     9.7115915895616212e-01
43                                     9.6872171234137150e-01
44                                     9.7832155667642873e-01
45                                     9.7310658825941165e-01
46                                     9.6661035479516766e-01
47                                     9.7296225361724986e-01
48                                     9.6626314988039397e-01
49                                     9.7330382676954241e-01
50                                     9.6727832269652625e-01
51                                     9.7300580521349400e-01
52                                     9.7857883769118303e-01
53                                     9.7496363337405056e-01
54                                     9.6743456845550990e-01
55                                     9.7785907905362135e-01
56                                     9.6697947221469893e-01
57                                     9.7289903018774970e-01
58                                     9.9897097102705135e-01
59                                     9.6107896097922618e-01
60                                     9.7589927528614773e-01
   &BVA [&Type "ArrayOfDoubles", &Dim (61,1)] "Mayer's bonded valence"
                                                         0

0                                      2.2187215706112724e+00
1                                      4.3242361614050520e+00
2                                      3.0964912402925666e+00
3                                      4.3243624392129156e+00
4                                      2.2186141619173050e+00
5                                      3.6613434708495252e+00
6                                      4.0025024068831456e+00
7                                      3.7520349283580745e+00
8                                      4.2709201966889845e+00
9                                      2.1643736403647305e+00
10                                     3.1406613794990630e+00
11                                     3.7047842403146234e+00
12                                     3.9020835559768559e+00
13                                     3.9577729655305758e+00
14                                     3.8026176196908210e+00
15                                     3.9132329710320377e+00
16                                     3.8472582243756439e+00
17                                     3.9101200821502236e+00
18                                     3.9175267882621014e+00
19                                     3.9120932883351265e+00
20                                     3.9163321457667095e+00
21                                     3.9100999194098227e+00
22                                     3.8839964388161454e+00
23                                     4.0019588880737853e+00
24                                     4.2722426773448534e+00
25                                     2.1883955313448826e+00
26                                     3.8356206127855055e+00
27                                     3.9988010197065940e+00
28                                     3.6574167695393509e+00
29                                     9.7228372279791264e-01
30                                     9.7549564577515957e-01
31                                     9.9951148113623578e-01
32                                     9.6016122265589243e-01
33                                     9.7447714027377108e-01
34                                     1.0071468793144362e+00
35                                     9.6579977405373962e-01
36                                     9.7746723948297276e-01
37                                     9.8421637700140274e-01
38                                     9.6477983059626049e-01
39                                     9.6604192412947398e-01
40                                     9.7872526765308487e-01
41                                     9.7527206749104622e-01
42                                     9.7115915895616411e-01
43                                     9.6872171234136484e-01
44                                     9.7832155667642273e-01
45                                     9.7310658825942375e-01
46                                     9.6661035479517454e-01
47                                     9.7296225361725508e-01
48                                     9.6626314988039352e-01
49                                     9.7330382676955285e-01
50                                     9.6727832269653069e-01
51                                     9.7300580521350266e-01
52                                     9.7857883769118570e-01
53                                     9.7496363337404801e-01
54                                     9.6743456845551346e-01
55                                     9.7785907905364444e-01
56                                     9.6697947221472158e-01
57                                     9.7289903018775903e-01
58                                     9.9897097102701937e-01
59                                     9.6107896097923107e-01
60                                     9.7589927528616471e-01
   &FA [&Type "ArrayOfDoubles", &Dim (61,1)] "Mayer's free valence"
                                                         0

0                                      0.0000000000000000e+00
1                                      0.0000000000000000e+00
2                                      0.0000000000000000e+00
3                                      0.0000000000000000e+00
4                                      0.0000000000000000e+00
5                                      0.0000000000000000e+00
6                                      0.0000000000000000e+00
7                                      0.0000000000000000e+00
8                                      0.0000000000000000e+00
9                                      0.0000000000000000e+00
10                                     0.0000000000000000e+00
11                                     0.0000000000000000e+00
12                                     0.0000000000000000e+00
13                                     0.0000000000000000e+00
14                                     0.0000000000000000e+00
15                                     0.0000000000000000e+00
16                                     0.0000000000000000e+00
17                                     0.0000000000000000e+00
18                                     0.0000000000000000e+00
19                                     0.0000000000000000e+00
20                                     0.0000000000000000e+00
21                                     0.0000000000000000e+00
22                                     0.0000000000000000e+00
23                                     0.0000000000000000e+00
24                                     0.0000000000000000e+00
25                                     0.0000000000000000e+00
26                                     0.0000000000000000e+00
27                                     0.0000000000000000e+00
28                                     0.0000000000000000e+00
29                                     0.0000000000000000e+00
30                                     0.0000000000000000e+00
31                                     0.0000000000000000e+00
32                                     0.0000000000000000e+00
33                                     0.0000000000000000e+00
34                                     0.0000000000000000e+00
35                                     0.0000000000000000e+00
36                                     0.0000000000000000e+00
37                                     0.0000000000000000e+00
38                                     0.0000000000000000e+00
39                                     0.0000000000000000e+00
40                                     0.0000000000000000e+00
41                                     0.0000000000000000e+00
42                                     0.0000000000000000e+00
43                                     0.0000000000000000e+00
44                                     0.0000000000000000e+00
45                                     0.0000000000000000e+00
46                                     0.0000000000000000e+00
47                                     0.0000000000000000e+00
48                                     0.0000000000000000e+00
49                                     0.0000000000000000e+00
50                                     0.0000000000000000e+00
51                                     0.0000000000000000e+00
52                                     0.0000000000000000e+00
53                                     0.0000000000000000e+00
54                                     0.0000000000000000e+00
55                                     0.0000000000000000e+00
56                                     0.0000000000000000e+00
57                                     0.0000000000000000e+00
58                                     0.0000000000000000e+00
59                                     0.0000000000000000e+00
60                                     0.0000000000000000e+00
   &Method [&Type "String"] "SCF"
   &Level [&Type "String"] "Relaxed density"
   &Mult [&Type "Integer"] 1
   &State [&Type "Integer"] -1
   &Irrep [&Type "Integer"] 0
$End
$SCF_Energy
   &GeometryIndex 13
   &Method [&Type "String"] "SCF"
   &totalEnergy [&Type "ArrayOfDoubles", &Dim (1,1)] "Total energy of each state"
                                                         0

0                                     -1.3059165647442142e+03
   &Mult [&Type "ArrayOfIntegers", &Dim (1,1)] "Multiplicity of each state"
                                                         0

0                                                        1
$End
$DFT_Energy
   &GeometryIndex 13
   &nAlphaEl [&Type "Integer"] 108
   &nBetaEl [&Type "Integer"] 108
   &nTotalEl [&Type "Integer"] 216
   &finalEn [&Type "Double"]      -1.3059165647442142e+03  "No Van der Waals correction"
   &eExchange [&Type "Double"]      -1.4070553966107045e+02
   &eCorr [&Type "Double"]      -8.6211162229033089e+00
   &eXC [&Type "Double"]      -1.4932665588397376e+02
   &eCNL [&Type "Double"]       0.0000000000000000e+00
$End
$SCF_Timings
   &GeometryIndex 13
   &TOTAL [&Type "Double"]       5.1377436000000003e+01
   &PREP [&Type "Double"]       3.7091300000000005e-01
   &FOCK [&Type "Double"]       4.6419936000000000e+01
   &DENS [&Type "Double"]       2.6239900000000205e-01
   &ETOT [&Type "Double"]       1.1454700000000351e-01
   &POP [&Type "Double"]       2.0116200000000362e-01
   &TRAFO [&Type "Double"]       3.1308999999999543e-01
   &DIIS [&Type "Double"]       2.3903900000000000e-01
   &SOSCF [&Type "Double"]       1.1365119999999962e+00
   &XC [&Type "Double"]       3.3404390000000035e+00
   &FOCKSTART [&Type "Double"]       5.1453999999998334e-02
   &INT_PREP [&Type "Double"]       1.0000000010279564e-06
   &INT_BF [&Type "Double"]       6.9928300000013266e-01
   &INT_DENS [&Type "Double"]       1.1006680000000149e+00
   &INT_DENSIO [&Type "Double"]       5.5157266680000066e+04
   &INT_FUNC [&Type "Double"]       4.5058000000015141e-02
   &INT_POT [&Type "Double"]       1.0811399999998628e+00
   &INT_POTIO [&Type "Double"]       7.1130000000323435e-03
   &INT_SUM [&Type "Double"]       1.7129999999987433e-03
   &SPLITRIJ [&Type "Double"]       3.9888539999999955e+00
   &COSX [&Type "Double"]       4.1072089999999996e+01
$End
$Single_Point_Data
   &GeometryIndex 13
   &FinalEnergy [&Type "Double"]      -1.3059165647442142e+03  "Final single point energy"
   &Converged [&Type "Boolean"] true
$End
$SCF_Dipole_Moment
   &GeometryIndex 13
   &dipoleMagnitude [&Type "Double", &Units "a.u."]       7.2782738617226872e-01
   &dipoleElecContrib [&Type "ArrayOfDoubles", &Dim (3,1)] "Electronic contribution"
                                                         0

0                                     -6.4744529601769585e+01
1                                     -4.4802610396785552e+00
2                                      1.9064324005234983e+00
   &dipoleNucContrib [&Type "ArrayOfDoubles", &Dim (3,1)] "Nuclear contribution"
                                                         0

0                                      6.5033751956770061e+01
1                                      4.4389686376791655e+00
2                                     -1.2398155158232558e+00
   &dipoleTotal [&Type "ArrayOfDoubles", &Dim (3,1)] "Total"
                                                         0

0                                      2.8922235500047577e-01
1                                     -4.1292401999389661e-02
2                                      6.6661688470024250e-01
   &doAtomicDipole [&Type "Boolean"] false
   &Method [&Type "String"] "SCF"
   &Level [&Type "String"] "Relaxed density"
   &Mult [&Type "Integer"] 1
   &State [&Type "Integer"] -1
   &Irrep [&Type "Integer"] 0
$End
$SCF_Polarizability
   &GeometryIndex 13
   &isotropicPolar [&Type "Double"]       2.7874916331044915e+02
   &rawCartesian [&Type "ArrayOfDoubles", &Units "a.u", &Dim (3,3)] 
                                                         0                           1                           2

0                                      3.4439911792691794e+02        -8.4708451269451146e+00         7.6056517187976835e+00
1                                     -8.4708451269451146e+00         2.6894262650665149e+02         8.5241788423782516e+00
2                                      7.6056517187976835e+00         8.5241788423782516e+00         2.2290574549777816e+02
   &diagonalizedTensor [&Type "ArrayOfDoubles", &Dim (3,1)] 
                                                         0

0                                      2.2072076000591295e+02
1                                      2.6982819530805051e+02
2                                      3.4569853461738398e+02
   &orientation [&Type "ArrayOfDoubles", &Dim (3,3)] 
                                                         0                           1                           2

0                                     -7.2996182772405271e-02         9.1375626021802811e-02        -9.9313747903791283e-01
1                                     -1.8602721325976218e-01         9.7707063879619138e-01         1.0357047228438010e-01
2                                      9.7982928779837186e-01         1.9231084673394333e-01        -5.4324073862415355e-02
   &doAtomicPolar [&Type "Boolean"] false
   &Method [&Type "String"] "SCF"
   &Level [&Type "String"] "Relaxed density"
   &Mult [&Type "Integer"] 1
   &State [&Type "Integer"] -1
   &Irrep [&Type "Integer"] 0
$End
$Calculation_Info
   &GeometryIndex 13
   &Mult [&Type "Integer"] 1
   &Charge [&Type "Integer"] 0
   &NumOfAtoms [&Type "Integer"] 61
   &NumOfElectrons [&Type "Integer"] 216
   &NumOfBasisFuncts [&Type "Integer"] 1091
   &NumOfAuxCBasisFuncts [&Type "Integer"] 0
   &NumOfAuxJBasisFuncts [&Type "Integer"] 1773
   &NumOfAuxJKBasisFuncts [&Type "Integer"] 0
   &NumOfCABSBasisFuncts [&Type "Integer"] 0
$End
$Calculation_Timings
   &GeometryIndex 13
   &GTOINT [&Type "Double"]       4.2815607999999919e+01
   &SCF [&Type "Double"]       8.4768510699999979e+02
   &SCFGRAD [&Type "Double"]       3.4515111499999972e+02
   &GSTEP [&Type "Double"]       4.0748899999999610e-01
   &RESPONSE [&Type "Double"]       5.1325378999999884e+01
   &PROP [&Type "Double"]       5.6735400000002301e-01
   &SUM [&Type "Double"]       1.2879520519999992e+03
$End
