*************************************************
******************* ORCA 6.1.1 ******************
*************************************************
$Calculation_Status
   &GeometryIndex 11
   &version [&Type "String"] "6.1.1"
   &progName [&Type "String"] "LeanSCF"
   &Status [&Type "String"] "NORMAL TERMINATION"
$End
$Geometry
   &GeometryIndex 1
   &NAtoms [&Type "Integer"] 46
   &NCorelessECP [&Type "Integer"] 0
   &NGhostAtoms [&Type "Integer"] 0
   &CartesianCoordinates [&Type "Coordinates", &Dim(46,4), &Units "Bohr"] 
              O    -10.569145670441   -5.555008707657    0.021374692301
              C    -10.434591500527   -3.267442310213   -0.151380291410
              N    -11.873803144670   -1.743011576336   -1.662915534150
              C    -11.088055018185    0.719872273456   -1.625024635438
              O    -12.191588939980    2.526527936256   -2.517889998098
              C     -8.526166526511    0.705948771301   -0.390234115833
              C     -7.624198353064    2.997508160066    1.060074000167
              C     -5.121293883208    2.405196180102    2.414136474441
              C     -2.832758056258    2.415958170434    0.698348292791
              O     -2.741404915492    3.663373950340   -1.243626879007
              N     -1.037544685199    0.825530641056    1.736495800626
              C      1.525670394221    0.640602041590    0.890376593341
              C      3.123241088386   -1.316859435875    1.691951176197
              C      5.636903769123   -1.494854630155    0.860278925206
              C      6.663096869435    0.281162902835   -0.806576687933
              C      9.297773832335    0.095177946461   -1.678254441179
              C     10.960719602103    2.153930634431   -1.461667259792
              C     13.463189434948    1.978501688241   -2.288165440628
              C     14.346383179255   -0.261513530495   -3.348929190834
              C     12.730742923797   -2.324986754347   -3.582748784837
              C     10.229423934168   -2.146889514856   -2.753391448360
              C      5.083108187220    2.241487315394   -1.610252646250
              C      2.569273541405    2.416453278681   -0.779145423373
              C     -2.081283892665   -0.607010269834    3.654817270406
              O     -1.067045199875   -2.052590291047    5.145506944162
              C     -4.901898568786   -0.195522404172    3.665484774432
              C     -6.220946307524   -2.387336378410    2.267945370995
              C     -8.798527085015   -1.530166052694    1.394364663532
              H    -13.385905305249   -2.355944247873   -2.645278326512
              H     -7.171803585782    0.280569528829   -1.910016123421
              H     -9.048808083370    3.537924480940    2.467194315103
              H     -7.425531444605    4.618471774042   -0.213890542194
              H     -4.771618959387    3.894716113381    3.819110060489
              H      2.482639046796   -2.793294905403    2.965826901430
              H      6.795749974858   -3.045881369642    1.557540625470
              H     10.318161693964    3.916011437184   -0.618601849939
              H     14.720337304444    3.591399951078   -2.097123577119
              H     16.291737181380   -0.399000555368   -3.992724869591
              H     13.411545109434   -4.074873154358   -4.415118344771
              H      8.994848843342   -3.776426816302   -2.975216950590
              H      5.786817633053    3.662521683854   -2.921728252369
              H      1.490169999069    4.016820767524   -1.478357321006
              H     -5.590172731557   -0.077405072172    5.615646239842
              H     -5.091611954823   -3.042094358469    0.655003644457
              H     -6.387382047043   -4.023124893907    3.529919601037
              H     -9.938443904066   -1.015457566146    3.056858788754
$End
$SCF_Mulliken_Population_Analysis
   &GeometryIndex 1
   &NAtoms [&Type "Integer"] 46
   &ATNO [&Type "ArrayOfIntegers", &Dim (46,1)] 
                                                         0

0                                                        8
1                                                        6
2                                                        7
3                                                        6
4                                                        8
5                                                        6
6                                                        6
7                                                        6
8                                                        6
9                                                        8
10                                                       7
11                                                       6
12                                                       6
13                                                       6
14                                                       6
15                                                       6
16                                                       6
17                                                       6
18                                                       6
19                                                       6
20                                                       6
21                                                       6
22                                                       6
23                                                       6
24                                                       8
25                                                       6
26                                                       6
27                                                       6
28                                                       1
29                                                       1
30                                                       1
31                                                       1
32                                                       1
33                                                       1
34                                                       1
35                                                       1
36                                                       1
37                                                       1
38                                                       1
39                                                       1
40                                                       1
41                                                       1
42                                                       1
43                                                       1
44                                                       1
45                                                       1
   &AtomicCharges [&Type "ArrayOfDoubles", &Dim (46,1)] 
                                                         0

0                                     -2.9195048458526074e-01
1                                      1.9387209447802611e-01
2                                     -1.8716403063605647e-01
3                                      1.8708849901932023e-01
4                                     -2.8832351075567075e-01
5                                     -7.0984602503971317e-02
6                                     -2.2275603267366062e-01
7                                      9.0818177028568314e-02
8                                      1.2484493629183468e-01
9                                     -3.3078879074290235e-01
10                                    -1.1375040353926558e-02
11                                     1.2150403968341283e-01
12                                    -1.7330911775581015e-01
13                                    -1.9703156807591338e-01
14                                     1.6486118054417354e-01
15                                     1.5027156772663908e-01
16                                    -2.0212354689899126e-01
17                                    -1.0895950736085425e-01
18                                    -1.0274066830000894e-01
19                                    -1.0868463985044841e-01
20                                    -2.0270244920810931e-01
21                                    -2.0082586464546459e-01
22                                    -1.7177544425784497e-01
23                                     2.0960997665573355e-01
24                                    -3.2421762884128746e-01
25                                     1.6011207733325428e-02
26                                    -3.4479742096919175e-01
27                                     3.9777799694379112e-02
28                                     2.2717954593474776e-01
29                                     1.1926818532664185e-01
30                                     1.0486689669548066e-01
31                                     1.2768473666074409e-01
32                                     1.0490490931717167e-01
33                                     1.5227328342701363e-01
34                                     1.2542861703930031e-01
35                                     1.1939495481333973e-01
36                                     1.0911497768995826e-01
37                                     1.0921240893848405e-01
38                                     1.0949277673160385e-01
39                                     1.1963251956327148e-01
40                                     1.2526814624508198e-01
41                                     1.4782061703080784e-01
42                                     8.9790189771496998e-02
43                                     1.2282361024341992e-01
44                                     1.3363897529193280e-01
45                                     9.4055518839303076e-02
   &Method [&Type "String"] "SCF"
   &Level [&Type "String"] "Relaxed density"
   &Mult [&Type "Integer"] 1
   &State [&Type "Integer"] -1
   &Irrep [&Type "Integer"] 0
$End
$SCF_Loewdin_Population_Analysis
   &GeometryIndex 1
   &NAtoms [&Type "Integer"] 46
   &ATNO [&Type "ArrayOfIntegers", &Dim (46,1)] 
                                                         0

0                                                        8
1                                                        6
2                                                        7
3                                                        6
4                                                        8
5                                                        6
6                                                        6
7                                                        6
8                                                        6
9                                                        8
10                                                       7
11                                                       6
12                                                       6
13                                                       6
14                                                       6
15                                                       6
16                                                       6
17                                                       6
18                                                       6
19                                                       6
20                                                       6
21                                                       6
22                                                       6
23                                                       6
24                                                       8
25                                                       6
26                                                       6
27                                                       6
28                                                       1
29                                                       1
30                                                       1
31                                                       1
32                                                       1
33                                                       1
34                                                       1
35                                                       1
36                                                       1
37                                                       1
38                                                       1
39                                                       1
40                                                       1
41                                                       1
42                                                       1
43                                                       1
44                                                       1
45                                                       1
   &AtomicCharges [&Type "ArrayOfDoubles", &Dim (46,1)] 
                                                         0

0                                      1.0468685635921826e-01
1                                     -3.8460846759075018e-01
2                                      2.2597979711403848e-01
3                                     -3.8299080122858253e-01
4                                      1.0696106798104044e-01
5                                     -1.7461655672945131e-01
6                                     -1.8258975882087114e-01
7                                     -1.6786280514480456e-01
8                                     -3.3678116129366220e-01
9                                      1.1268463490919611e-01
10                                     3.1307461542684223e-01
11                                    -1.4450932991004528e-01
12                                    -9.7093489516267617e-02
13                                    -9.2137855481523978e-02
14                                    -1.0455346545121902e-01
15                                    -1.0146420303851045e-01
16                                    -9.8074381639959185e-02
17                                    -1.3697974435591220e-01
18                                    -1.4148226103524308e-01
19                                    -1.3683074516559035e-01
20                                    -9.7891714664500640e-02
21                                    -9.2504378171587298e-02
22                                    -9.7412315959929607e-02
23                                    -3.3656274280339726e-01
24                                     1.1189507770010376e-01
25                                    -1.6259749698188397e-01
26                                    -1.7485088409149085e-01
27                                    -1.7681507940280472e-01
28                                     1.9760972358146112e-01
29                                     1.8081595633478942e-01
30                                     1.4635902266381984e-01
31                                     1.5541910515117430e-01
32                                     1.7581502418818962e-01
33                                     1.5748286476829521e-01
34                                     1.5178892593664794e-01
35                                     1.4784910661136841e-01
36                                     1.4304318257998161e-01
37                                     1.4246877584301021e-01
38                                     1.4311862210002535e-01
39                                     1.4798466578214897e-01
40                                     1.5169050083975988e-01
41                                     1.5689821458049713e-01
42                                     1.6459470637583584e-01
43                                     1.5039741015485575e-01
44                                     1.5460929704824089e-01
45                                     1.7798248444727249e-01
   &Method [&Type "String"] "SCF"
   &Level [&Type "String"] "Relaxed density"
   &Mult [&Type "Integer"] 1
   &State [&Type "Integer"] -1
   &Irrep [&Type "Integer"] 0
$End
$SCF_Mayer_Population_Analysis
   &GeometryIndex 1
   &NAtoms [&Type "Integer"] 46 "Total number of atoms"
   &NBondOrdersPrint [&Type "Integer"] 50 "The number of bond orders larger than threshold"
   &bondThresh [&Type "Double"]       1.0000000000000001e-01  "The threshold for printing"
   &components [&Type "ArrayOfIntegers", &Dim (50,4)] "The indices and atomic numbers of the bonding atoms"
                                                         0                           1                           2                           3

0                                                        0                           8                           1                           6
1                                                        1                           6                           2                           7
2                                                        1                           6                          27                           6
3                                                        2                           7                           3                           6
4                                                        2                           7                          28                           1
5                                                        3                           6                           4                           8
6                                                        3                           6                           5                           6
7                                                        5                           6                           6                           6
8                                                        5                           6                          27                           6
9                                                        5                           6                          29                           1
10                                                       6                           6                           7                           6
11                                                       6                           6                          30                           1
12                                                       6                           6                          31                           1
13                                                       7                           6                           8                           6
14                                                       7                           6                          25                           6
15                                                       7                           6                          32                           1
16                                                       8                           6                           9                           8
17                                                       8                           6                          10                           7
18                                                      10                           7                          11                           6
19                                                      10                           7                          23                           6
20                                                      11                           6                          12                           6
21                                                      11                           6                          22                           6
22                                                      12                           6                          13                           6
23                                                      12                           6                          33                           1
24                                                      13                           6                          14                           6
25                                                      13                           6                          34                           1
26                                                      14                           6                          15                           6
27                                                      14                           6                          21                           6
28                                                      15                           6                          16                           6
29                                                      15                           6                          20                           6
30                                                      16                           6                          17                           6
31                                                      16                           6                          35                           1
32                                                      17                           6                          18                           6
33                                                      17                           6                          36                           1
34                                                      18                           6                          19                           6
35                                                      18                           6                          37                           1
36                                                      19                           6                          20                           6
37                                                      19                           6                          38                           1
38                                                      20                           6                          39                           1
39                                                      21                           6                          22                           6
40                                                      21                           6                          40                           1
41                                                      22                           6                          41                           1
42                                                      23                           6                          24                           8
43                                                      23                           6                          25                           6
44                                                      25                           6                          26                           6
45                                                      25                           6                          42                           1
46                                                      26                           6                          27                           6
47                                                      26                           6                          43                           1
48                                                      26                           6                          44                           1
49                                                      27                           6                          45                           1
   &BondOrders [&Type "ArrayOfDoubles", &Dim (50,1)] "The bond orders"
                                                         0

0                                      2.1776039083995049e+00
1                                      1.1395536906340840e+00
2                                      9.1118849108483624e-01
3                                      1.1356828135373791e+00
4                                      8.9734408958555256e-01
5                                      2.1908319587270695e+00
6                                      9.0932532002445288e-01
7                                      1.0013246820547195e+00
8                                      9.0323430616485123e-01
9                                      9.2849507491756123e-01
10                                     9.5177476411951512e-01
11                                     9.6219615987444918e-01
12                                     9.4261176088213838e-01
13                                     9.7356780233662410e-01
14                                     9.4769832319195579e-01
15                                     9.2617796277612918e-01
16                                     2.0157541117451716e+00
17                                     1.0724577840995229e+00
18                                     1.0161826940374084e+00
19                                     1.0735043594688662e+00
20                                     1.3972005911260446e+00
21                                     1.3911155277822707e+00
22                                     1.4204507939247280e+00
23                                     9.3432616144595593e-01
24                                     1.3541685483170991e+00
25                                     9.7489510345385311e-01
26                                     8.7723434798068434e-01
27                                     1.3528922372475618e+00
28                                     1.3590503587699738e+00
29                                     1.3587314205436667e+00
30                                     1.4263468497142553e+00
31                                     9.6419279581327799e-01
32                                     1.4032662745788458e+00
33                                     9.7001196322276639e-01
34                                     1.4032977364104000e+00
35                                     9.6578096632330324e-01
36                                     1.4263439406290095e+00
37                                     9.6971940740086016e-01
38                                     9.6446464433210100e-01
39                                     1.4256384262284083e+00
40                                     9.7442280389374025e-01
41                                     9.3829874169603233e-01
42                                     2.0359161766486333e+00
43                                     9.7387263748105757e-01
44                                     9.5587580475664702e-01
45                                     9.3947049881643108e-01
46                                     9.3360151560627758e-01
47                                     9.5625696043896391e-01
48                                     9.7137489557789813e-01
49                                     9.2244655490879801e-01
   &ATNO [&Type "ArrayOfIntegers", &Dim (46,1)] "Atomic number of the elements"
                                                         0

0                                                        8
1                                                        6
2                                                        7
3                                                        6
4                                                        8
5                                                        6
6                                                        6
7                                                        6
8                                                        6
9                                                        8
10                                                       7
11                                                       6
12                                                       6
13                                                       6
14                                                       6
15                                                       6
16                                                       6
17                                                       6
18                                                       6
19                                                       6
20                                                       6
21                                                       6
22                                                       6
23                                                       6
24                                                       8
25                                                       6
26                                                       6
27                                                       6
28                                                       1
29                                                       1
30                                                       1
31                                                       1
32                                                       1
33                                                       1
34                                                       1
35                                                       1
36                                                       1
37                                                       1
38                                                       1
39                                                       1
40                                                       1
41                                                       1
42                                                       1
43                                                       1
44                                                       1
45                                                       1
   &NA [&Type "ArrayOfDoubles", &Dim (46,1)] "Mulliken gross atomic population"
                                                         0

0                                      8.2919504845852572e+00
1                                      5.8061279055219748e+00
2                                      7.1871640306360582e+00
3                                      5.8129115009806744e+00
4                                      8.2883235107556725e+00
5                                      6.0709846025039731e+00
6                                      6.2227560326736615e+00
7                                      5.9091818229714299e+00
8                                      5.8751550637081600e+00
9                                      8.3307887907429041e+00
10                                     7.0113750403539239e+00
11                                     5.8784959603165863e+00
12                                     6.1733091177558075e+00
13                                     6.1970315680759089e+00
14                                     5.8351388194558282e+00
15                                     5.8497284322733583e+00
16                                     6.2021235468989904e+00
17                                     6.1089595073608542e+00
18                                     6.1027406683000098e+00
19                                     6.1086846398504466e+00
20                                     6.2027024492081075e+00
21                                     6.2008258646454681e+00
22                                     6.1717754442578441e+00
23                                     5.7903900233442656e+00
24                                     8.3242176288412857e+00
25                                     5.9839887922666772e+00
26                                     6.3447974209691909e+00
27                                     5.9602222003056244e+00
28                                     7.7282045406525179e-01
29                                     8.8073181467335815e-01
30                                     8.9513310330451989e-01
31                                     8.7231526333925591e-01
32                                     8.9509509068282789e-01
33                                     8.4772671657298670e-01
34                                     8.7457138296069936e-01
35                                     8.8060504518666016e-01
36                                     8.9088502231004130e-01
37                                     8.9078759106151595e-01
38                                     8.9050722326839593e-01
39                                     8.8036748043672819e-01
40                                     8.7473185375491824e-01
41                                     8.5217938296919216e-01
42                                     9.1020981022850311e-01
43                                     8.7717638975658030e-01
44                                     8.6636102470806731e-01
45                                     9.0594448116069715e-01
   &ZA [&Type "ArrayOfDoubles", &Dim (46,1)] "Total nuclear charge"
                                                         0

0                                      8.0000000000000000e+00
1                                      6.0000000000000000e+00
2                                      7.0000000000000000e+00
3                                      6.0000000000000000e+00
4                                      8.0000000000000000e+00
5                                      6.0000000000000000e+00
6                                      6.0000000000000000e+00
7                                      6.0000000000000000e+00
8                                      6.0000000000000000e+00
9                                      8.0000000000000000e+00
10                                     7.0000000000000000e+00
11                                     6.0000000000000000e+00
12                                     6.0000000000000000e+00
13                                     6.0000000000000000e+00
14                                     6.0000000000000000e+00
15                                     6.0000000000000000e+00
16                                     6.0000000000000000e+00
17                                     6.0000000000000000e+00
18                                     6.0000000000000000e+00
19                                     6.0000000000000000e+00
20                                     6.0000000000000000e+00
21                                     6.0000000000000000e+00
22                                     6.0000000000000000e+00
23                                     6.0000000000000000e+00
24                                     8.0000000000000000e+00
25                                     6.0000000000000000e+00
26                                     6.0000000000000000e+00
27                                     6.0000000000000000e+00
28                                     1.0000000000000000e+00
29                                     1.0000000000000000e+00
30                                     1.0000000000000000e+00
31                                     1.0000000000000000e+00
32                                     1.0000000000000000e+00
33                                     1.0000000000000000e+00
34                                     1.0000000000000000e+00
35                                     1.0000000000000000e+00
36                                     1.0000000000000000e+00
37                                     1.0000000000000000e+00
38                                     1.0000000000000000e+00
39                                     1.0000000000000000e+00
40                                     1.0000000000000000e+00
41                                     1.0000000000000000e+00
42                                     1.0000000000000000e+00
43                                     1.0000000000000000e+00
44                                     1.0000000000000000e+00
45                                     1.0000000000000000e+00
   &QA [&Type "ArrayOfDoubles", &Dim (46,1)] "Mulliken gross atomic charge"
                                                         0

0                                     -2.9195048458525719e-01
1                                      1.9387209447802523e-01
2                                     -1.8716403063605824e-01
3                                      1.8708849901932556e-01
4                                     -2.8832351075567253e-01
5                                     -7.0984602503973093e-02
6                                     -2.2275603267366151e-01
7                                      9.0818177028570091e-02
8                                      1.2484493629184001e-01
9                                     -3.3078879074290413e-01
10                                    -1.1375040353923893e-02
11                                     1.2150403968341372e-01
12                                    -1.7330911775580748e-01
13                                    -1.9703156807590894e-01
14                                     1.6486118054417176e-01
15                                     1.5027156772664174e-01
16                                    -2.0212354689899037e-01
17                                    -1.0895950736085425e-01
18                                    -1.0274066830000983e-01
19                                    -1.0868463985044663e-01
20                                    -2.0270244920810754e-01
21                                    -2.0082586464546814e-01
22                                    -1.7177544425784408e-01
23                                     2.0960997665573444e-01
24                                    -3.2421762884128569e-01
25                                     1.6011207733322763e-02
26                                    -3.4479742096919086e-01
27                                     3.9777799694375560e-02
28                                     2.2717954593474821e-01
29                                     1.1926818532664185e-01
30                                     1.0486689669548011e-01
31                                     1.2768473666074409e-01
32                                     1.0490490931717211e-01
33                                     1.5227328342701330e-01
34                                     1.2542861703930064e-01
35                                     1.1939495481333984e-01
36                                     1.0911497768995870e-01
37                                     1.0921240893848405e-01
38                                     1.0949277673160407e-01
39                                     1.1963251956327181e-01
40                                     1.2526814624508176e-01
41                                     1.4782061703080784e-01
42                                     8.9790189771496887e-02
43                                     1.2282361024341970e-01
44                                     1.3363897529193269e-01
45                                     9.4055518839302854e-02
   &VA [&Type "ArrayOfDoubles", &Dim (46,1)] "Mayer's total valence"
                                                         0

0                                      2.2053047579436749e+00
1                                      4.3358243559809271e+00
2                                      3.1237829408777831e+00
3                                      4.3349064979911454e+00
4                                      2.2097790069929553e+00
5                                      3.7002980848646416e+00
6                                      4.0210623510155346e+00
7                                      3.7514649481196858e+00
8                                      4.2358901752064435e+00
9                                      2.1452328549723534e+00
10                                     3.1955412958900014e+00
11                                     3.9367947923073374e+00
12                                     3.9003703850029106e+00
13                                     3.9190155427059574e+00
14                                     3.6314186117201817e+00
15                                     3.6133553805605434e+00
16                                     3.9411279730145936e+00
17                                     3.9098872390887638e+00
18                                     3.9133402835434925e+00
19                                     3.9095787553999815e+00
20                                     3.9415024398526346e+00
21                                     3.9268884703260607e+00
22                                     3.9077723779495459e+00
23                                     4.1957163478652424e+00
24                                     2.1511872621192900e+00
25                                     3.8756969616683663e+00
26                                     3.9987922356701362e+00
27                                     3.5832668201898361e+00
28                                     9.7335176627812503e-01
29                                     9.7935105121416455e-01
30                                     9.7211638867134709e-01
31                                     9.9776728086256239e-01
32                                     9.6376495556383135e-01
33                                     1.0060055884138426e+00
34                                     9.7466467583124516e-01
35                                     9.7332027101456831e-01
36                                     9.7068043975522711e-01
37                                     9.6892376866787944e-01
38                                     9.7063831007034729e-01
39                                     9.7338461602074278e-01
40                                     9.7448804128637212e-01
41                                     1.0028565052497962e+00
42                                     9.7922406522134486e-01
43                                     9.7249253054800922e-01
44                                     9.8745799875481866e-01
45                                     9.8073603618159833e-01
   &BVA [&Type "ArrayOfDoubles", &Dim (46,1)] "Mayer's bonded valence"
                                                         0

0                                      2.2053047579436367e+00
1                                      4.3358243559809964e+00
2                                      3.1237829408777831e+00
3                                      4.3349064979910263e+00
4                                      2.2097790069929513e+00
5                                      3.7002980848646265e+00
6                                      4.0210623510156065e+00
7                                      3.7514649481196436e+00
8                                      4.2358901752064408e+00
9                                      2.1452328549723170e+00
10                                     3.1955412958900080e+00
11                                     3.9367947923074187e+00
12                                     3.9003703850030016e+00
13                                     3.9190155427061213e+00
14                                     3.6314186117198610e+00
15                                     3.6133553805605216e+00
16                                     3.9411279730148188e+00
17                                     3.9098872390888935e+00
18                                     3.9133402835434135e+00
19                                     3.9095787553998700e+00
20                                     3.9415024398526710e+00
21                                     3.9268884703259022e+00
22                                     3.9077723779498252e+00
23                                     4.1957163478651607e+00
24                                     2.1511872621191799e+00
25                                     3.8756969616684036e+00
26                                     3.9987922356701295e+00
27                                     3.5832668201900177e+00
28                                     9.7335176627812992e-01
29                                     9.7935105121413668e-01
30                                     9.7211638867134242e-01
31                                     9.9776728086259570e-01
32                                     9.6376495556379882e-01
33                                     1.0060055884138317e+00
34                                     9.7466467583130367e-01
35                                     9.7332027101461560e-01
36                                     9.7068043975525731e-01
37                                     9.6892376866784935e-01
38                                     9.7063831007034407e-01
39                                     9.7338461602076487e-01
40                                     9.7448804128633570e-01
41                                     1.0028565052498293e+00
42                                     9.7922406522136307e-01
43                                     9.7249253054798679e-01
44                                     9.8745799875482376e-01
45                                     9.8073603618164062e-01
   &FA [&Type "ArrayOfDoubles", &Dim (46,1)] "Mayer's free valence"
                                                         0

0                                      0.0000000000000000e+00
1                                      0.0000000000000000e+00
2                                      0.0000000000000000e+00
3                                      0.0000000000000000e+00
4                                      0.0000000000000000e+00
5                                      0.0000000000000000e+00
6                                      0.0000000000000000e+00
7                                      0.0000000000000000e+00
8                                      0.0000000000000000e+00
9                                      0.0000000000000000e+00
10                                     0.0000000000000000e+00
11                                     0.0000000000000000e+00
12                                     0.0000000000000000e+00
13                                     0.0000000000000000e+00
14                                     0.0000000000000000e+00
15                                     0.0000000000000000e+00
16                                     0.0000000000000000e+00
17                                     0.0000000000000000e+00
18                                     0.0000000000000000e+00
19                                     0.0000000000000000e+00
20                                     0.0000000000000000e+00
21                                     0.0000000000000000e+00
22                                     0.0000000000000000e+00
23                                     0.0000000000000000e+00
24                                     0.0000000000000000e+00
25                                     0.0000000000000000e+00
26                                     0.0000000000000000e+00
27                                     0.0000000000000000e+00
28                                     0.0000000000000000e+00
29                                     0.0000000000000000e+00
30                                     0.0000000000000000e+00
31                                     0.0000000000000000e+00
32                                     0.0000000000000000e+00
33                                     0.0000000000000000e+00
34                                     0.0000000000000000e+00
35                                     0.0000000000000000e+00
36                                     0.0000000000000000e+00
37                                     0.0000000000000000e+00
38                                     0.0000000000000000e+00
39                                     0.0000000000000000e+00
40                                     0.0000000000000000e+00
41                                     0.0000000000000000e+00
42                                     0.0000000000000000e+00
43                                     0.0000000000000000e+00
44                                     0.0000000000000000e+00
45                                     0.0000000000000000e+00
   &Method [&Type "String"] "SCF"
   &Level [&Type "String"] "Relaxed density"
   &Mult [&Type "Integer"] 1
   &State [&Type "Integer"] -1
   &Irrep [&Type "Integer"] 0
$End
$SCF_Energy
   &GeometryIndex 1
   &Method [&Type "String"] "SCF"
   &totalEnergy [&Type "ArrayOfDoubles", &Dim (1,1)] "Total energy of each state"
                                                         0

0                                     -1.2593905672921849e+03
   &Mult [&Type "ArrayOfIntegers", &Dim (1,1)] "Multiplicity of each state"
                                                         0

0                                                        1
$End
$DFT_Energy
   &GeometryIndex 1
   &nAlphaEl [&Type "Integer"] 98
   &nBetaEl [&Type "Integer"] 98
   &nTotalEl [&Type "Integer"] 196
   &finalEn [&Type "Double"]      -1.2593905672921849e+03  "No Van der Waals correction"
   &eExchange [&Type "Double"]      -1.3266052207435362e+02
   &eCorr [&Type "Double"]      -7.9433957617638891e+00
   &eXC [&Type "Double"]      -1.4060391783611752e+02
   &eCNL [&Type "Double"]       0.0000000000000000e+00
$End
$SCF_Timings
   &GeometryIndex 1
   &TOTAL [&Type "Double"]       7.2279777999999993e+01
   &PREP [&Type "Double"]       3.4002599999999999e-01
   &FOCK [&Type "Double"]       6.3880222000000003e+01
   &DENS [&Type "Double"]       4.9951300000000742e-01
   &ETOT [&Type "Double"]       1.8429099999999377e-01
   &POP [&Type "Double"]       2.0625499999999874e-01
   &TRAFO [&Type "Double"]       6.1930300000000571e-01
   &DIIS [&Type "Double"]       2.5916789999999983e+00
   &SOSCF [&Type "Double"]       2.2481880000000052e+00
   &XC [&Type "Double"]       5.7862530000000083e+00
   &FOCKSTART [&Type "Double"]       6.3045999999987001e-02
   &INT_PREP [&Type "Double"]       2.9999999959784418e-06
   &INT_BF [&Type "Double"]       1.0876330000001539e+00
   &INT_DENS [&Type "Double"]       1.6463630000000116e+00
   &INT_DENSIO [&Type "Double"]       1.2498283351300014e+05
   &INT_FUNC [&Type "Double"]       7.2002000000056299e-02
   &INT_POT [&Type "Double"]       2.0614449999998632e+00
   &INT_POTIO [&Type "Double"]       1.2419000000006619e-02
   &INT_SUM [&Type "Double"]       2.4280000000009849e-03
   &SPLITRIJ [&Type "Double"]       6.4744500000000045e+00
   &COSX [&Type "Double"]       5.2955517999999998e+01
$End
$Single_Point_Data
   &GeometryIndex 1
   &FinalEnergy [&Type "Double"]      -1.2593905672921849e+03  "Final single point energy"
   &Converged [&Type "Boolean"] true
$End
$SCF_Nuc_Gradient
   &GeometryIndex 1
   &NAtoms [&Type "Integer"] 46
   &gradNorm [&Type "Double"]       1.2229964796755456e-01
   &grad [&Type "ArrayOfDoubles", &Dim (138,1)] 
                                                         0

0                                      2.4134038745604325e-03
1                                     -1.3606118736395945e-02
2                                      6.1930180608547741e-03
3                                     -3.2397895928478054e-03
4                                      4.0731547293474890e-02
5                                     -2.0321750837013812e-02
6                                      1.2066629679659581e-02
7                                      5.7884714946548864e-03
8                                      7.7147609535794213e-03
9                                      3.2488327158242125e-03
10                                    -4.2364131387246567e-02
11                                     1.8383525573850479e-02
12                                    -2.1659033540324668e-03
13                                     1.4894445604987427e-02
14                                    -4.5506574329907679e-03
15                                     2.4479260975500891e-03
16                                    -8.6701586450373055e-03
17                                    -1.3372517821095907e-02
18                                     2.8946460598246251e-03
19                                    -1.2506821286797989e-02
20                                     4.4029197480704024e-03
21                                     9.9213636720779652e-03
22                                    -4.5717806270867412e-04
23                                     7.6023319907784770e-03
24                                     2.3359918527585448e-02
25                                    -2.8710081989441763e-02
26                                     2.7186825921889451e-02
27                                    -1.2223078766249892e-02
28                                     1.5346109003284480e-02
29                                    -1.7887723146654044e-02
30                                    -2.7229467947064961e-02
31                                     2.3859208343523924e-03
32                                     9.2639968311314796e-03
33                                    -1.8326308773040950e-02
34                                     1.1437963031737629e-03
35                                     6.0603692674164669e-03
36                                    -7.4109197335817494e-03
37                                     1.2312497729138977e-02
38                                    -1.2668525038935508e-03
39                                     1.2072539346313572e-02
40                                    -3.4250251299367679e-03
41                                    -2.2402094528307590e-04
42                                     6.3329192125109596e-03
43                                    -2.2608147377868246e-04
44                                    -2.1855270888520156e-03
45                                    -1.2274330292630392e-02
46                                     8.6010522370065512e-04
47                                     4.0945217364020819e-03
48                                    -3.2798917114895201e-03
49                                    -9.0953258729127573e-04
50                                     2.2973030094132832e-03
51                                     5.0033710009322781e-03
52                                     1.1085158354951635e-03
53                                    -8.8752525817632592e-04
54                                    -1.6256074612876203e-03
55                                     1.2150795183551652e-04
56                                     5.3498159487155861e-04
57                                     4.3736279574593563e-03
58                                    -1.7538489659932599e-03
59                                    -2.2117360018320473e-03
60                                    -3.8413033422762810e-03
61                                     1.4163560692682306e-03
62                                     6.6741408780161132e-05
63                                     1.0477315236772113e-02
64                                     1.5100034482214281e-03
65                                    -7.1323089020092871e-03
66                                    -6.5622175261940210e-03
67                                    -1.1092531826480505e-02
68                                     5.6309607586392980e-03
69                                     8.1953312834764369e-03
70                                     2.8934809485937324e-02
71                                    -3.9650782555899433e-02
72                                    -2.5466975260502178e-03
73                                    -1.6292175221956806e-02
74                                     2.1664307210831624e-02
75                                     4.5087033331676352e-03
76                                    -1.0688945195545418e-02
77                                    -1.0497804447333213e-02
78                                     1.4239912240838620e-03
79                                     1.4820532712483236e-02
80                                    -4.7118557220203021e-03
81                                    -1.4760266511975983e-02
82                                     3.1907986037903735e-03
83                                     6.4665849158787939e-03
84                                     1.7001107209678179e-03
85                                     7.3491498021938106e-04
86                                     1.2292555845196673e-03
87                                     1.0189578662012644e-03
88                                     2.7667208172223665e-03
89                                    -2.8227561013479119e-03
90                                    -1.7680303351412796e-03
91                                     1.6194365674168376e-03
92                                     1.3311409041710104e-03
93                                    -3.3362483429633834e-03
94                                     1.9569402122568968e-03
95                                    -3.8120715454128679e-03
96                                     1.0192910316705883e-04
97                                     3.4654364619868261e-03
98                                     2.4534587106384009e-05
99                                     2.2515744842968657e-03
100                                   -7.1955682663375486e-03
101                                    2.1307162791422141e-03
102                                    2.6263739130923253e-03
103                                   -3.5050534921377552e-03
104                                    1.3849394298807022e-03
105                                    6.3725782036656159e-04
106                                    3.5898815986588062e-03
107                                    9.4606142517847380e-04
108                                    2.0176496736644400e-03
109                                    1.9457680561003610e-03
110                                   -1.1758506078566114e-04
111                                    2.3759171807103963e-03
112                                   -1.7388982949504556e-04
113                                   -7.8863729631462737e-04
114                                    1.4241293481314088e-03
115                                   -2.2044986507711029e-03
116                                   -1.0201533408467911e-03
117                                   -5.1983249529129194e-04
118                                   -3.6107144130920199e-03
119                                   -9.9680696261989291e-04
120                                    1.6664687519803711e-03
121                                    3.1483941103068180e-03
122                                   -2.8524561068650200e-03
123                                    1.1188562007520275e-03
124                                    7.0033655877067558e-03
125                                   -3.0355038530329587e-03
126                                   -3.4116549043272659e-03
127                                    5.8695751861038738e-03
128                                    2.4002572569862268e-03
129                                    1.9457714082081190e-03
130                                   -2.8179077382569223e-03
131                                   -6.4029108412760882e-04
132                                   -2.9243695258070572e-03
133                                   -3.6329274494387442e-03
134                                    8.5016941607132801e-04
135                                   -1.7959755814103695e-04
136                                   -2.8226608335899517e-03
137                                    3.1271001430556722e-03
   &Method [&Type "String"] "SCF"
   &Level [&Type "String"] "Relaxed density"
   &Mult [&Type "Integer"] 1
   &State [&Type "Integer"] 0
   &Irrep [&Type "Integer"] 0
$End
$Geometry
   &GeometryIndex 2
   &NAtoms [&Type "Integer"] 46
   &NCorelessECP [&Type "Integer"] 0
   &NGhostAtoms [&Type "Integer"] 0
   &CartesianCoordinates [&Type "Coordinates", &Dim(46,4), &Units "Bohr"] 
              O    -10.674369591876   -5.581106055392    0.091260107406
              C    -10.499219352166   -3.309217320485   -0.080910107336
              N    -11.917616797242   -1.760973707799   -1.647825770095
              C    -11.104820742515    0.732492279794   -1.682598542759
              O    -12.214367221702    2.496960725960   -2.616800760476
              C     -8.551534399673    0.724873727448   -0.379450303661
              C     -7.628297545940    3.036387329413    1.036319925884
              C     -5.132343262716    2.407691213730    2.383438347751
              C     -2.813377657126    2.443539648672    0.674723672904
              O     -2.630696805179    3.699817928293   -1.228992533969
              N     -1.000174846228    0.825056487901    1.713754228253
              C      1.567288888678    0.643338067533    0.869944807499
              C      3.116303849026   -1.355089619742    1.631749772549
              C      5.608151293484   -1.523143375210    0.807955137833
              C      6.655761840613    0.288043946671   -0.801503816162
              C      9.302958043085    0.099726900382   -1.675170183813
              C     10.948927406562    2.162532215372   -1.484843611821
              C     13.441421669804    1.986289597233   -2.304665941683
              C     14.334377617863   -0.259760369175   -3.336046619314
              C     12.725043132796   -2.327019156307   -3.541446763526
              C     10.234612617298   -2.147184788229   -2.716341149156
              C      5.099150107028    2.284115099292   -1.551804782496
              C      2.605627781439    2.464528060110   -0.736831687859
              C     -2.054387911015   -0.629706500370    3.649185520188
              O     -0.980840149370   -2.070611017808    5.067194273486
              C     -4.890433688285   -0.204454030096    3.671760974492
              C     -6.209420237816   -2.418520756027    2.283921557099
              C     -8.790923692282   -1.548815655574    1.404263135842
              H    -13.435208497601   -2.379284941815   -2.627897045568
              H     -7.190015759557    0.273481764890   -1.877007499759
              H     -9.038585766542    3.601175089041    2.438053606553
              H     -7.382637163317    4.639860670199   -0.235889102953
              H     -4.785123533008    3.876462129939    3.800580049585
              H      2.439779534327   -2.816512523513    2.879636635580
              H      6.748216414476   -3.088615230325    1.466979946032
              H     10.292333588480    3.919292637412   -0.662814223803
              H     14.686313615109    3.601254258956   -2.129397889168
              H     16.273846217753   -0.398350883812   -3.976294945790
              H     13.403879524539   -4.079464036237   -4.351824138203
              H      9.000089612409   -3.768938782739   -2.913852709352
              H      5.816060861785    3.720114408844   -2.820172814056
              H      1.513882788523    4.051372848700   -1.400910160081
              H     -5.548695661216   -0.118961474230    5.623230245860
              H     -5.091228270652   -3.059166817802    0.666181185695
              H     -6.348889143908   -4.038793554195    3.552968600218
              H     -9.900814928692   -0.995743607156    3.068187592698
$End
$SCF_Energy
   &GeometryIndex 2
   &Method [&Type "String"] "SCF"
   &totalEnergy [&Type "ArrayOfDoubles", &Dim (1,1)] "Total energy of each state"
                                                         0

0                                     -1.2594008723025081e+03
   &Mult [&Type "ArrayOfIntegers", &Dim (1,1)] "Multiplicity of each state"
                                                         0

0                                                        1
$End
$DFT_Energy
   &GeometryIndex 2
   &nAlphaEl [&Type "Integer"] 98
   &nBetaEl [&Type "Integer"] 98
   &nTotalEl [&Type "Integer"] 196
   &finalEn [&Type "Double"]      -1.2594008723025081e+03  "No Van der Waals correction"
   &eExchange [&Type "Double"]      -1.3267597920001145e+02
   &eCorr [&Type "Double"]      -7.9435206168305026e+00
   &eXC [&Type "Double"]      -1.4061949981684197e+02
   &eCNL [&Type "Double"]       0.0000000000000000e+00
$End
$SCF_Timings
   &GeometryIndex 2
   &TOTAL [&Type "Double"]       5.7407992999999998e+01
   &PREP [&Type "Double"]       3.1473899999999999e-01
   &FOCK [&Type "Double"]       5.0176082999999998e+01
   &DENS [&Type "Double"]       3.7815900000000369e-01
   &ETOT [&Type "Double"]       1.4040000000000941e-01
   &TRAFO [&Type "Double"]       6.2788400000000166e-01
   &DIIS [&Type "Double"]       2.2131210000000010e+00
   &SOSCF [&Type "Double"]       1.5882220000000089e+00
   &XC [&Type "Double"]       4.1878950000000108e+00
   &FOCKSTART [&Type "Double"]       5.0821000000000394e-02
   &INT_BF [&Type "Double"]       8.2083099999999476e-01
   &INT_DENS [&Type "Double"]       1.2190919999998586e+00
   &INT_DENSIO [&Type "Double"]       7.1364740298000048e+04
   &INT_FUNC [&Type "Double"]       5.5802999999954750e-02
   &INT_POT [&Type "Double"]       1.5009089999999077e+00
   &INT_POTIO [&Type "Double"]       9.2279999999993478e-03
   &INT_SUM [&Type "Double"]       7.3200000000195331e-04
   &SPLITRIJ [&Type "Double"]       4.8585679999999991e+00
   &COSX [&Type "Double"]       4.2745667999999995e+01
$End
$Single_Point_Data
   &GeometryIndex 2
   &FinalEnergy [&Type "Double"]      -1.2594008723025081e+03  "Final single point energy"
   &Converged [&Type "Boolean"] true
$End
$SCF_Nuc_Gradient
   &GeometryIndex 2
   &NAtoms [&Type "Integer"] 46
   &gradNorm [&Type "Double"]       5.2297073031208889e-02
   &grad [&Type "ArrayOfDoubles", &Dim (138,1)] 
                                                         0

0                                      2.2061284824599903e-03
1                                     -7.6924522675131946e-03
2                                      2.1947712416395398e-03
3                                     -3.3906647605516371e-03
4                                      1.6861421969123214e-02
5                                     -6.5912239466733372e-03
6                                      3.9251272687603062e-03
7                                      1.9113780851946933e-03
8                                      1.9154702464757867e-03
9                                      2.1630462244881521e-03
10                                    -1.7737956353665985e-02
11                                     5.2645011046386359e-03
12                                    -1.8923933255571845e-03
13                                     8.1267012865480215e-03
14                                    -1.2905982517203429e-03
15                                     3.3705820491325075e-03
16                                    -1.2929569645090400e-03
17                                    -7.4460702072256038e-03
18                                     1.8723812285301247e-03
19                                    -2.7983492114822400e-03
20                                     2.0564628888850578e-03
21                                     2.5350390640257181e-03
22                                     3.7563604749857316e-03
23                                     3.3801612512653206e-03
24                                     1.1694663459021620e-02
25                                    -1.2324174499870708e-02
26                                     1.0282066014397268e-02
27                                    -4.2770400298502292e-03
28                                     5.9877335531693943e-03
29                                    -6.9741382429658882e-03
30                                    -1.0999829641517689e-02
31                                     8.7070238159830254e-04
32                                     4.0396174984606847e-03
33                                    -6.1091492784698664e-03
34                                     2.1549460062032094e-04
35                                     2.0196057461950318e-03
36                                    -3.8168074883951492e-03
37                                     7.1090429638352888e-03
38                                    -3.3569159449242658e-04
39                                     4.6573731572005089e-03
40                                    -2.8998525739240208e-03
41                                     1.8295855117893348e-03
42                                     1.2929460534844700e-03
43                                    -1.9975894502328312e-05
44                                    -4.7217762407610747e-04
45                                    -3.6228460534347695e-03
46                                     2.3316316235530432e-04
47                                     1.1932548714019831e-03
48                                    -1.5407813637810380e-03
49                                    -1.0783721488921913e-03
50                                     1.4395149052772900e-03
51                                     2.0390789739112986e-03
52                                     1.0873467893342398e-03
53                                    -9.0782161651897786e-05
54                                    -9.2459018707797408e-04
55                                     6.1244942988661344e-05
56                                     3.0571417917661312e-04
57                                     1.5407948161985097e-03
58                                    -1.3345740313090021e-03
59                                    -1.0865236178375440e-03
60                                    -1.9149046550737264e-03
61                                     1.3242444240878851e-03
62                                    -2.9830353214051197e-04
63                                     3.1432790236444602e-03
64                                     2.2138268326582153e-03
65                                    -4.2533644685280453e-03
66                                    -3.5113512361149395e-03
67                                    -6.3158330688751242e-03
68                                     2.5929020076141743e-03
69                                     5.7406402165786630e-03
70                                     1.2047002773261928e-02
71                                    -1.7396223110809267e-02
72                                    -7.9611906968307666e-04
73                                    -6.7176547313462232e-03
74                                     8.2710337647762810e-03
75                                     1.5276048570588008e-04
76                                    -8.8376431888828738e-03
77                                    -1.8340804940071530e-03
78                                     2.0810750771940167e-03
79                                     6.4117404121372401e-03
80                                    -1.5359842384691617e-03
81                                    -6.9288629052366990e-03
82                                    -4.6349319390869004e-04
83                                     5.7013233487614168e-03
84                                    -6.4671729729459670e-05
85                                    -2.2351724855290689e-05
86                                     5.3413810263414074e-05
87                                    -4.5829405637348719e-04
88                                     1.8096634093424796e-03
89                                    -2.7248834353188478e-04
90                                    -5.0123969680027081e-04
91                                     4.9400052625823282e-04
92                                    -1.8899057041557588e-04
93                                    -2.2591382040821825e-03
94                                     3.4504447633332269e-04
95                                    -7.5342159776255191e-04
96                                    -7.9289924558305705e-04
97                                     1.0762105377735420e-03
98                                    -7.7524608001830475e-04
99                                     2.3533094850486588e-03
100                                   -2.6190973458738442e-03
101                                   -1.2244739481998002e-05
102                                   -3.1539569718920524e-04
103                                   -1.3419768483166616e-04
104                                    1.7050752409253356e-04
105                                    9.9655347637188363e-04
106                                    6.9288616679374915e-04
107                                   -1.8395254620770518e-04
108                                    1.4678396688332096e-04
109                                   -4.4839135043328593e-05
110                                   -1.5801350122264177e-04
111                                    1.9785341387307254e-04
112                                   -2.1018628222417915e-05
113                                   -6.8008699941404793e-05
114                                    2.1232896980177829e-04
115                                    1.0098136098646293e-05
116                                    3.8751813575987892e-05
117                                    8.0611360179812241e-04
118                                   -8.2299479353115101e-04
119                                   -4.0870324271805383e-04
120                                   -3.7683452922518401e-04
121                                    1.6665129502058118e-04
122                                   -6.4560398630592042e-06
123                                    2.1592786493431770e-03
124                                    2.1955904437102602e-03
125                                   -1.3157134032970447e-03
126                                   -1.1226752205356072e-03
127                                    2.7897775172242394e-03
128                                    3.5929854213412327e-05
129                                    1.9280698059243040e-04
130                                   -1.7124727664527759e-03
131                                    5.4693588379212121e-04
132                                   -8.7936645278960217e-04
133                                   -1.1133049778659088e-03
134                                   -2.9249848198077688e-04
135                                    1.0159106899402665e-03
136                                   -1.7937619758594953e-03
137                                    7.0937526174399967e-04
   &Method [&Type "String"] "SCF"
   &Level [&Type "String"] "Relaxed density"
   &Mult [&Type "Integer"] 1
   &State [&Type "Integer"] 0
   &Irrep [&Type "Integer"] 0
$End
$Geometry
   &GeometryIndex 3
   &NAtoms [&Type "Integer"] 46
   &NCorelessECP [&Type "Integer"] 0
   &NGhostAtoms [&Type "Integer"] 0
   &CartesianCoordinates [&Type "Coordinates", &Dim(46,4), &Units "Bohr"] 
              O    -10.792582226620   -5.599333711320    0.276767630547
              C    -10.547575634729   -3.353274007712    0.030474865526
              N    -11.961445865239   -1.816617230536   -1.583543721966
              C    -11.129530558924    0.689579559301   -1.715909490744
              O    -12.217002696653    2.389014237509   -2.759675608951
              C     -8.579040940114    0.699440022167   -0.383047422405
              C     -7.630322329021    3.046998852666    0.959486659710
              C     -5.145101510753    2.419433788299    2.322882147891
              C     -2.810828888627    2.460618252142    0.625404653842
              O     -2.570545541361    3.698189273383   -1.266014953161
              N     -0.981778016672    0.833013324500    1.683947916558
              C      1.596544482903    0.648809979864    0.844902224433
              C      3.074823064617   -1.445448365176    1.474782891031
              C      5.557063039475   -1.605327998850    0.654547653188
              C      6.663153576200    0.293379549639   -0.804850210882
              C      9.320312896789    0.103920458436   -1.674612298589
              C     10.964496756123    2.161422669720   -1.467335736538
              C     13.453694765053    1.983992078639   -2.279774367481
              C     14.347298135768   -0.256558721543   -3.321537079654
              C     12.732008952064   -2.317209256158   -3.541404696712
              C     10.244831978218   -2.137701384537   -2.723451636342
              C      5.163270982499    2.377350127719   -1.412498007441
              C      2.676397519007    2.565614234236   -0.614145246203
              C     -2.053000226290   -0.610828347121    3.653370270723
              O     -0.942592915772   -2.015333994040    5.054453470345
              C     -4.892575970958   -0.164070655273    3.676022985090
              C     -6.217651942718   -2.416709789599    2.336128416137
              C     -8.797712848815   -1.551254503867    1.438694513808
              H    -13.484344081230   -2.453336175775   -2.544017051283
              H     -7.217074533454    0.188273739231   -1.863237014840
              H     -9.030076764576    3.669717138136    2.344056770345
              H     -7.330982879764    4.607523449548   -0.349574401939
              H     -4.799236463358    3.896320376158    3.730425056081
              H      2.330781396742   -2.946329932557    2.624035690348
              H      6.659420306003   -3.237736149750    1.203183190931
              H     10.299273699988    3.906862381648   -0.632147487440
              H     14.699942045943    3.594987213116   -2.087541129222
              H     16.286813807077   -0.395618065792   -3.956964237809
              H     13.405214770696   -4.065825089843   -4.362685373118
              H      8.997218856270   -3.746009842641   -2.932041069436
              H      5.930996115945    3.879344339864   -2.568140396439
              H      1.598165349856    4.195987029379   -1.169446318975
              H     -5.528830489916   -0.071706944387    5.631277277418
              H     -5.105810222189   -3.069288892884    0.720647954697
              H     -6.339835714258   -4.005177543059    3.640060891485
              H     -9.896239455773   -0.930122641135    3.088038047982
$End
$SCF_Energy
   &GeometryIndex 3
   &Method [&Type "String"] "SCF"
   &totalEnergy [&Type "ArrayOfDoubles", &Dim (1,1)] "Total energy of each state"
                                                         0

0                                     -1.2594038759982268e+03
   &Mult [&Type "ArrayOfIntegers", &Dim (1,1)] "Multiplicity of each state"
                                                         0

0                                                        1
$End
$DFT_Energy
   &GeometryIndex 3
   &nAlphaEl [&Type "Integer"] 98
   &nBetaEl [&Type "Integer"] 98
   &nTotalEl [&Type "Integer"] 195
   &finalEn [&Type "Double"]      -1.2594038759982268e+03  "No Van der Waals correction"
   &eExchange [&Type "Double"]      -1.3267819680421684e+02
   &eCorr [&Type "Double"]      -7.9430350718249656e+00
   &eXC [&Type "Double"]      -1.4062123187604180e+02
   &eCNL [&Type "Double"]       0.0000000000000000e+00
$End
$SCF_Timings
   &GeometryIndex 3
   &TOTAL [&Type "Double"]       6.0798916999999996e+01
   &PREP [&Type "Double"]       3.3732600000000001e-01
   &FOCK [&Type "Double"]       5.3259363000000008e+01
   &DENS [&Type "Double"]       4.3250900000000314e-01
   &ETOT [&Type "Double"]       1.4667800000000053e-01
   &TRAFO [&Type "Double"]       6.1300699999999964e-01
   &DIIS [&Type "Double"]       2.1959119999999972e+00
   &SOSCF [&Type "Double"]       1.8075130000000064e+00
   &XC [&Type "Double"]       4.4477490000000062e+00
   &FOCKSTART [&Type "Double"]       5.3863000000005601e-02
   &INT_PREP [&Type "Double"]       1.9999999967268423e-06
   &INT_BF [&Type "Double"]       8.9042400000002697e-01
   &INT_DENS [&Type "Double"]       1.3399270000000945e+00
   &INT_DENSIO [&Type "Double"]       8.3349356741000069e+04
   &INT_FUNC [&Type "Double"]       6.0593000000227271e-02
   &INT_POT [&Type "Double"]       1.6097760000000365e+00
   &INT_POTIO [&Type "Double"]       1.0047999999886592e-02
   &INT_SUM [&Type "Double"]       1.6930000000057177e-03
   &SPLITRIJ [&Type "Double"]       5.1712569999999900e+00
   &COSX [&Type "Double"]       4.5261319999999998e+01
$End
$Single_Point_Data
   &GeometryIndex 3
   &FinalEnergy [&Type "Double"]      -1.2594038759982268e+03  "Final single point energy"
   &Converged [&Type "Boolean"] true
$End
$SCF_Nuc_Gradient
   &GeometryIndex 3
   &NAtoms [&Type "Integer"] 46
   &gradNorm [&Type "Double"]       1.1504914324842311e-02
   &grad [&Type "ArrayOfDoubles", &Dim (138,1)] 
                                                         0

0                                      4.0284298835337184e-04
1                                      3.8091702375064873e-04
2                                      4.0076088547920385e-04
3                                      5.4191606919055946e-04
4                                     -6.7467589752800983e-04
5                                     -1.3692642588096042e-03
6                                     -5.2908904587860295e-04
7                                     -3.1526002002977074e-04
8                                     -8.9915462052508194e-04
9                                     -1.5042987541452613e-03
10                                     3.1204904402129530e-04
11                                     8.6915043862589858e-04
12                                     6.2928475409407270e-04
13                                     1.2518199944427932e-04
14                                     3.4188325800449393e-04
15                                     1.6714055858253404e-03
16                                     7.7799112801818504e-04
17                                    -2.5869924869585323e-03
18                                     1.0434326583968062e-03
19                                     1.1765897528274449e-03
20                                     3.1361387624679465e-04
21                                    -1.2005227672167440e-03
22                                     3.1615516174289190e-03
23                                    -1.3958210367635837e-04
24                                     2.0884024930119191e-03
25                                     6.4503586993326645e-04
26                                    -2.8500853999963160e-04
27                                    -7.5511944207387605e-04
28                                    -1.2651473520668421e-03
29                                     1.4802643384835834e-03
30                                    -7.1091135396116056e-04
31                                     1.2055303442722390e-04
32                                     7.7736219849995104e-04
33                                     1.3879810095289019e-03
34                                    -1.6111606374411697e-04
35                                    -4.9179491612467291e-04
36                                     1.2653936791058584e-04
37                                     1.7158270441308826e-03
38                                     1.1286883973307509e-03
39                                    -3.4232503162319461e-06
40                                    -1.4609810077968396e-04
41                                     1.1018649266146992e-03
42                                    -1.3219664382370933e-03
43                                     3.6944170070159904e-05
44                                     4.4436240035517632e-04
45                                     1.6760337821224436e-03
46                                    -1.2599759376062843e-04
47                                    -5.5698220265129605e-04
48                                    -3.5233525685323883e-04
49                                    -1.1714476868693036e-03
50                                     6.7890020658994445e-04
51                                    -9.3249890572938421e-05
52                                     3.0214997349421041e-04
53                                     1.8223977776872513e-04
54                                    -3.3269558533566279e-04
55                                     2.2629681312946737e-05
56                                     1.0613289451215716e-04
57                                    -2.2218758767526825e-04
58                                    -2.8185976552526359e-04
59                                    -7.8956580494192463e-05
60                                    -5.2426674003594465e-04
61                                     1.2284499466268944e-03
62                                    -3.9092560499561987e-04
63                                    -6.9524138069907565e-04
64                                     2.4089772483373850e-04
65                                    -8.7938122528332871e-04
66                                    -7.8450930581907760e-04
67                                    -1.7390955657678592e-03
68                                    -8.3568918254659300e-04
69                                     1.9385242977782990e-03
70                                    -1.3413770421450977e-03
71                                    -2.5643553712550726e-03
72                                    -1.7440454483374501e-03
73                                     1.2197183097441000e-03
74                                    -2.7059339413015859e-04
75                                    -1.7413143363145152e-03
76                                    -3.8501791503371095e-03
77                                     2.0216231880901183e-03
78                                     1.4193598202525484e-03
79                                     1.1031147016968140e-03
80                                     2.8407588844589667e-05
81                                    -2.2189918234589434e-03
82                                    -1.1147003742540684e-03
83                                     2.5257577254118244e-03
84                                    -1.4451768955758837e-04
85                                    -6.1799994088757026e-05
86                                     4.5431345184421268e-05
87                                    -2.4823822519115524e-05
88                                     1.5502748417306478e-04
89                                     5.3733160391855606e-04
90                                    -3.1638263086886109e-06
91                                    -1.3167629396022840e-04
92                                    -3.1654784047560613e-04
93                                    -7.5741842383353700e-04
94                                     1.4768122528985295e-05
95                                     4.0238815151893981e-04
96                                    -6.6234157736122512e-04
97                                    -2.5265118580566903e-04
98                                    -3.2960337826618002e-04
99                                     1.7325037134398036e-03
100                                    1.1081441860150143e-04
101                                   -8.9687085270177824e-04
102                                   -5.8403796056996637e-04
103                                    2.7377148393345485e-04
104                                   -1.3770492568787596e-05
105                                    3.9527317990470379e-04
106                                   -3.6902201272975832e-05
107                                   -2.6848531994283498e-04
108                                   -2.1994889326984457e-04
109                                   -2.4729272052073648e-04
110                                   -3.0353579566662348e-05
111                                   -2.1026007872798624e-04
112                                    1.0036428997764121e-05
113                                    6.7937647946034185e-05
114                                   -1.3038412528978971e-04
115                                    2.6574284071451126e-04
116                                    1.4607071803410254e-04
117                                    4.7097468341009141e-04
118                                   -1.9726869186775797e-05
119                                   -1.3757444760020138e-05
120                                   -5.0208413314241362e-04
121                                   -1.8489596487022975e-04
122                                    3.7688664458063181e-04
123                                    1.7683591608888549e-03
124                                   -2.6842395743087444e-04
125                                   -3.5023423757126609e-04
126                                    1.1108916766310040e-04
127                                    5.9229661543538925e-04
128                                   -5.2311106131355811e-04
129                                   -3.2037619853261812e-04
130                                   -7.9610697676031628e-04
131                                    4.9256767010374958e-04
132                                    1.6249737901873063e-04
133                                    3.6736400148951187e-05
134                                   -3.5768695185248167e-04
135                                    7.2710502410305855e-04
136                                    1.5763595906930633e-04
137                                   -2.0524242532848902e-05
   &Method [&Type "String"] "SCF"
   &Level [&Type "String"] "Relaxed density"
   &Mult [&Type "Integer"] 1
   &State [&Type "Integer"] 0
   &Irrep [&Type "Integer"] 0
$End
$Geometry
   &GeometryIndex 4
   &NAtoms [&Type "Integer"] 46
   &NCorelessECP [&Type "Integer"] 0
   &NGhostAtoms [&Type "Integer"] 0
   &CartesianCoordinates [&Type "Coordinates", &Dim(46,4), &Units "Bohr"] 
              O    -10.838708441529   -5.627444856535    0.510061179294
              C    -10.568879203469   -3.398567965750    0.176232101735
              N    -11.969460255383   -1.917108599359   -1.507191783991
              C    -11.120629274203    0.579726457789   -1.761858140538
              O    -12.200408130464    2.222820528420   -2.893562676410
              C     -8.583368128686    0.639420296576   -0.401233396409
              C     -7.635495698521    3.032452763438    0.858572327301
              C     -5.153550140131    2.451266151802    2.251045971407
              C     -2.813083343498    2.488859951420    0.564918709343
              O     -2.551310463056    3.702213569423   -1.336909457193
              N     -0.978619640160    0.876584140690    1.655207523487
              C      1.598264475061    0.682087979232    0.821708026458
              C      2.988349963890   -1.517290623794    1.266685115042
              C      5.471681027412   -1.684109078982    0.453155943922
              C      6.659739000438    0.304044082682   -0.811241774081
              C      9.319968837327    0.103502046124   -1.672727870672
              C     10.991082467828    2.131684960048   -1.394649871408
              C     13.481574898694    1.942917363180   -2.199078710914
              C     14.351316044672   -0.277578319946   -3.303190921273
              C     12.707968649384   -2.307728899124   -3.593047171429
              C     10.219053758363   -2.119294383202   -2.783788065140
              C      5.239722523385    2.488742087802   -1.231668429990
              C      2.752294107781    2.692863338179   -0.440832828357
              C     -2.045605558138   -0.533713132459    3.662209926211
              O     -0.914767364987   -1.916516312861    5.064686352724
              C     -4.884612410081   -0.087640881523    3.674895079413
              C     -6.208359057573   -2.385988508264    2.401385630051
              C     -8.791514504388   -1.548981234123    1.489646397872
              H    -13.492816045150   -2.587102254338   -2.444005733690
              H     -7.214076544149    0.073382837843   -1.856812919583
              H     -9.037141172686    3.709328989642    2.215677503004
              H     -7.312956889596    4.542197354524   -0.503721472776
              H     -4.821128535917    3.961451686758    3.628077004060
              H      2.163926272933   -3.078572679491    2.275995126742
              H      6.516570742687   -3.396097644993    0.856316532860
              H     10.341475491155    3.856184631606   -0.505077422850
              H     14.749466217745    3.529766998930   -1.949647241747
              H     16.292451972667   -0.424552062359   -3.932236454170
              H     13.360957762952   -4.039991627187   -4.465221876785
              H      8.944839772919   -3.698179409637   -3.049971123788
              H      6.075552447941    4.061038247625   -2.238865504750
              H      1.716899316085    4.395374697163   -0.847523971058
              H     -5.512637102161    0.041671978757    5.631385512858
              H     -5.099667437432   -3.065995862000    0.794508502530
              H     -6.315731303727   -3.937170509256    3.750049829125
              H     -9.878625326783   -0.860985462725    3.121640744110
$End
$SCF_Energy
   &GeometryIndex 4
   &Method [&Type "String"] "SCF"
   &totalEnergy [&Type "ArrayOfDoubles", &Dim (1,1)] "Total energy of each state"
                                                         0

0                                     -1.2594050351060473e+03
   &Mult [&Type "ArrayOfIntegers", &Dim (1,1)] "Multiplicity of each state"
                                                         0

0                                                        1
$End
$DFT_Energy
   &GeometryIndex 4
   &nAlphaEl [&Type "Integer"] 97
   &nBetaEl [&Type "Integer"] 97
   &nTotalEl [&Type "Integer"] 195
   &finalEn [&Type "Double"]      -1.2594050351060473e+03  "No Van der Waals correction"
   &eExchange [&Type "Double"]      -1.3267270290780121e+02
   &eCorr [&Type "Double"]      -7.9423677997907607e+00
   &eXC [&Type "Double"]      -1.4061507070759197e+02
   &eCNL [&Type "Double"]       0.0000000000000000e+00
$End
$SCF_Timings
   &GeometryIndex 4
   &TOTAL [&Type "Double"]       6.1045218999999996e+01
   &PREP [&Type "Double"]       3.4601199999999999e-01
   &FOCK [&Type "Double"]       5.3591906000000002e+01
   &DENS [&Type "Double"]       4.1060600000000136e-01
   &ETOT [&Type "Double"]       1.4877900000000199e-01
   &TRAFO [&Type "Double"]       6.2091799999999964e-01
   &DIIS [&Type "Double"]       2.2035939999999998e+00
   &SOSCF [&Type "Double"]       1.8082339999999988e+00
   &XC [&Type "Double"]       4.4380640000000131e+00
   &FOCKSTART [&Type "Double"]       5.5254000000005132e-02
   &INT_PREP [&Type "Double"]       1.0000000010279564e-06
   &INT_BF [&Type "Double"]       8.9179000000022235e-01
   &INT_DENS [&Type "Double"]       1.3222859999998908e+00
   &INT_DENSIO [&Type "Double"]       8.3508770849000051e+04
   &INT_FUNC [&Type "Double"]       5.9894000000173087e-02
   &INT_POT [&Type "Double"]       1.5446959999998935e+00
   &INT_POTIO [&Type "Double"]       9.9569999998978531e-03
   &INT_SUM [&Type "Double"]       1.5939999999936560e-03
   &SPLITRIJ [&Type "Double"]       5.1957119999999959e+00
   &COSX [&Type "Double"]       4.5494496000000012e+01
$End
$Single_Point_Data
   &GeometryIndex 4
   &FinalEnergy [&Type "Double"]      -1.2594050351060473e+03  "Final single point energy"
   &Converged [&Type "Boolean"] true
$End
$SCF_Nuc_Gradient
   &GeometryIndex 4
   &NAtoms [&Type "Integer"] 46
   &gradNorm [&Type "Double"]       1.3657575536688369e-02
   &grad [&Type "ArrayOfDoubles", &Dim (138,1)] 
                                                         0

0                                      2.7071877024412161e-04
1                                      2.1972388173212565e-03
2                                     -1.0126335143972875e-03
3                                      2.8041479850360318e-05
4                                     -4.7808256196622545e-03
5                                      2.6076480268985638e-03
6                                     -1.3466595948675684e-03
7                                     -7.6351352090762992e-04
8                                     -1.2281893675147038e-03
9                                     -6.9739569135679469e-04
10                                     4.5570295377023173e-03
11                                    -2.8994795675831853e-03
12                                     5.6813560775451077e-04
13                                    -1.8392007864512228e-03
14                                     1.4924895636871383e-03
15                                     1.3823520777100917e-04
16                                     1.1465486170458838e-03
17                                     5.6775069684537188e-04
18                                     5.4627975971446169e-04
19                                     1.1850456807385723e-03
20                                    -3.0203876472915947e-04
21                                    -1.4561764109463499e-03
22                                     1.2923388425971488e-03
23                                    -1.2363620218710930e-03
24                                    -1.6926276742220692e-03
25                                     4.0573314695511453e-03
26                                    -1.6691693411326203e-03
27                                    -4.6300662444262453e-04
28                                    -2.0140231249775598e-03
29                                     2.1782231210081271e-03
30                                     3.0416102412582913e-03
31                                    -6.7531467569316786e-04
32                                    -6.7143932480995955e-04
33                                     2.0103726778092704e-03
34                                    -2.0716787801335762e-04
35                                    -8.1862618492635486e-04
36                                     1.1152151976145837e-03
37                                    -6.6341715885172292e-04
38                                     1.4742226247832849e-03
39                                    -6.3577712956298937e-04
40                                     1.3091000969040409e-03
41                                     1.2261775489659163e-04
42                                    -1.1639556642449034e-03
43                                     1.1720399437689308e-05
44                                     3.7990356891678956e-04
45                                     2.4450798738414048e-03
46                                    -1.6672993658974067e-04
47                                    -8.0226385490418661e-04
48                                    -8.6298415677393825e-05
49                                    -5.0845423899244929e-04
50                                     3.9457697862995203e-04
51                                    -4.0946192044377661e-04
52                                    -1.1295985912601614e-04
53                                     5.5898639797370003e-05
54                                     4.0306087497707366e-05
55                                     1.4367031518670859e-06
56                                    -1.6224073856214993e-05
57                                    -3.5021668352606949e-04
58                                     1.6154846707568116e-04
59                                     1.8648324413693754e-04
60                                    -2.5214077929359632e-04
61                                     5.2640413451633672e-04
62                                    -2.7632160114177823e-04
63                                    -8.7137394289267187e-04
64                                    -1.1094326770597907e-03
65                                     3.2488861367526572e-04
66                                     9.3630826212137697e-05
67                                     6.7279252092936753e-04
68                                    -1.7826786583280893e-03
69                                    -5.7799002734945648e-04
70                                    -2.9241360922922510e-03
71                                     2.5892554975853188e-03
72                                    -1.4378492903361906e-03
73                                     1.7307474788549326e-03
74                                    -1.7694183648040429e-03
75                                    -1.4349506656176209e-03
76                                    -8.7712682366466663e-04
77                                     1.5465293861817858e-03
78                                     4.1745362175360512e-04
79                                    -2.0454333696602600e-04
80                                     1.0588912262095990e-04
81                                     5.4053432794773371e-04
82                                    -8.7855635215214334e-04
83                                    -1.5487662615949749e-05
84                                    -1.0678444161502099e-04
85                                    -4.8582521262913181e-05
86                                     7.3933924665342543e-05
87                                    -4.9614800930963820e-05
88                                    -4.1635312283347381e-04
89                                     5.0070842541699578e-04
90                                     7.3008130383522829e-05
91                                    -2.2821350480714542e-04
92                                    -1.8139936552363789e-05
93                                    -2.3108698829103075e-05
94                                     3.3196625076281627e-05
95                                     4.1795039585737492e-04
96                                    -1.2165585157626960e-04
97                                    -5.2806316990644531e-04
98                                     2.1733423098213578e-04
99                                     8.5333000899008582e-04
100                                    5.1643718662097715e-04
101                                   -4.0363257116741991e-04
102                                   -2.4502163001099975e-04
103                                   -3.9059930257989706e-06
104                                    1.7288506759541300e-05
105                                   -1.3151596385654885e-04
106                                   -8.2112459460048637e-05
107                                   -1.2957804286378716e-04
108                                   -1.2721660508946409e-04
109                                   -8.6222387231382758e-05
110                                    4.0325422503428854e-05
111                                   -1.2509074392827446e-04
112                                    7.3323112293171427e-06
113                                    4.0546958810602773e-05
114                                   -1.1520308333365370e-04
115                                    9.8045986616390746e-05
116                                    4.1320084649631994e-05
117                                   -1.3064229170911545e-05
118                                    9.0587128153268859e-05
119                                    1.6806374287894887e-04
120                                   -1.4620707670787159e-04
121                                    2.3011093524594184e-05
122                                    1.8642923748940499e-04
123                                    1.0270499070783035e-03
124                                   -7.0442019614985751e-04
125                                   -1.7884834094722413e-04
126                                    5.7100781728459948e-04
127                                   -2.7134770726528271e-04
128                                   -2.1542742026081640e-04
129                                   -2.5039830231006477e-04
130                                   -3.0059926333284026e-04
131                                    1.2390866415643020e-04
132                                    2.5190370168311216e-04
133                                    2.0558408521892391e-04
134                                   -1.0820289455359955e-04
135                                    2.9884869668993230e-04
136                                    5.7174521689472291e-04
137                                   -3.0002493366729222e-04
   &Method [&Type "String"] "SCF"
   &Level [&Type "String"] "Relaxed density"
   &Mult [&Type "Integer"] 1
   &State [&Type "Integer"] 0
   &Irrep [&Type "Integer"] 0
$End
$Geometry
   &GeometryIndex 5
   &NAtoms [&Type "Integer"] 46
   &NCorelessECP [&Type "Integer"] 0
   &NGhostAtoms [&Type "Integer"] 0
   &CartesianCoordinates [&Type "Coordinates", &Dim(46,4), &Units "Bohr"] 
              O    -10.890230118986   -5.648444699995    0.912272179804
              C    -10.585448542183   -3.454630943110    0.415605111822
              N    -11.977160675600   -2.081119105923   -1.363960846446
              C    -11.110277279196    0.383928252053   -1.805126323698
              O    -12.169401124126    1.930708270676   -3.082631150560
              C     -8.582377933814    0.529098855170   -0.435423776305
              C     -7.631640674220    2.995080769569    0.669561291989
              C     -5.152141711546    2.503746047014    2.106945080357
              C     -2.803865664918    2.501706340537    0.437645736233
              O     -2.503535711069    3.666968494174   -1.489685066851
              N     -0.976882060813    0.934914060059    1.600512371640
              C      1.593437180610    0.725866576371    0.787855537773
              C      2.844705401452   -1.591901638601    0.917780518828
              C      5.333282267640   -1.770484572155    0.120507922144
              C      6.649157794787    0.319303413477   -0.817875323872
              C      9.311568291792    0.104372747149   -1.664932943013
              C     11.040509198767    2.055569275277   -1.217158192577
              C     13.534050345501    1.852178948122   -2.009251556320
              C     14.353131446057   -0.303723984584   -3.269775915649
              C     12.654159737043   -2.255725528987   -3.729044377620
              C     10.161376776212   -2.055479928865   -2.933796043089
              C      5.353736519921    2.619512265171   -0.927384764372
              C      2.864725405718    2.840330830979   -0.143683673953
              C     -2.032523186207   -0.404418621700    3.663335735738
              O     -0.875327201058   -1.726952078485    5.102995631208
              C     -4.867927320027    0.051604273097    3.663327916270
              C     -6.198380800291   -2.319258731044    2.527027671855
              C     -8.783652498596   -1.533123130507    1.583085394897
              H    -13.501697010181   -2.807182486950   -2.256053490870
              H     -7.211489845764   -0.129307889551   -1.853368576081
              H     -9.035298577984    3.766119551373    1.973569006308
              H     -7.285502597836    4.408734940814   -0.787632794831
              H     -4.838028095949    4.084631159554    3.409413078348
              H      1.896324738988   -3.226600846562    1.681105690563
              H      6.285579734308   -3.574718257052    0.279402149334
              H     10.430342403601    3.721265542192   -0.197387826550
              H     14.845548922326    3.376412359016   -1.625868690958
              H     16.296984632541   -0.460981065828   -3.888564989033
              H     13.267094534432   -3.935508734273   -4.725465888070
              H      8.840751480218   -3.565097506147   -3.338718386887
              H      6.292225022904    4.271303755268   -1.687927513196
              H      1.900917480802    4.629780482340   -0.300480877236
              H     -5.486879927380    0.274637176728    5.615867737248
              H     -5.095415977772   -3.071497546333    0.948074000608
              H     -6.293122779612   -3.793409315522    3.960348907365
              H     -9.861398221040   -0.739234942259    3.174956538252
$End
$SCF_Energy
   &GeometryIndex 5
   &Method [&Type "String"] "SCF"
   &totalEnergy [&Type "ArrayOfDoubles", &Dim (1,1)] "Total energy of each state"
                                                         0

0                                     -1.2594061630935460e+03
   &Mult [&Type "ArrayOfIntegers", &Dim (1,1)] "Multiplicity of each state"
                                                         0

0                                                        1
$End
$DFT_Energy
   &GeometryIndex 5
   &nAlphaEl [&Type "Integer"] 98
   &nBetaEl [&Type "Integer"] 98
   &nTotalEl [&Type "Integer"] 196
   &finalEn [&Type "Double"]      -1.2594061630935460e+03  "No Van der Waals correction"
   &eExchange [&Type "Double"]      -1.3266902954438376e+02
   &eCorr [&Type "Double"]      -7.9416550911483448e+00
   &eXC [&Type "Double"]      -1.4061068463553210e+02
   &eCNL [&Type "Double"]       0.0000000000000000e+00
$End
$SCF_Timings
   &GeometryIndex 5
   &TOTAL [&Type "Double"]       7.0100982000000002e+01
   &PREP [&Type "Double"]       3.3176000000000000e-01
   &FOCK [&Type "Double"]       6.1911192999999997e+01
   &DENS [&Type "Double"]       5.2447899999999237e-01
   &ETOT [&Type "Double"]       1.8378999999998324e-01
   &TRAFO [&Type "Double"]       6.1584900000000076e-01
   &DIIS [&Type "Double"]       2.2040639999999998e+00
   &SOSCF [&Type "Double"]       2.4915219999999856e+00
   &XC [&Type "Double"]       5.3250879999999947e+00
   &FOCKSTART [&Type "Double"]       6.3093000000006949e-02
   &INT_PREP [&Type "Double"]       9.9999999747524271e-07
   &INT_BF [&Type "Double"]       1.0778050000000139e+00
   &INT_DENS [&Type "Double"]       1.6007189999999740e+00
   &INT_DENSIO [&Type "Double"]       1.2405866077100010e+05
   &INT_FUNC [&Type "Double"]       7.4827999999925510e-02
   &INT_POT [&Type "Double"]       1.7401109999999589e+00
   &INT_POTIO [&Type "Double"]       1.2130999999945935e-02
   &INT_SUM [&Type "Double"]       3.8559999999927541e-03
   &SPLITRIJ [&Type "Double"]       6.2210010000000011e+00
   &COSX [&Type "Double"]       5.1543233999999998e+01
$End
$Single_Point_Data
   &GeometryIndex 5
   &FinalEnergy [&Type "Double"]      -1.2594061630935460e+03  "Final single point energy"
   &Converged [&Type "Boolean"] true
$End
$SCF_Nuc_Gradient
   &GeometryIndex 5
   &NAtoms [&Type "Integer"] 46
   &gradNorm [&Type "Double"]       1.7259642329154341e-02
   &grad [&Type "ArrayOfDoubles", &Dim (138,1)] 
                                                         0

0                                     -4.0293649722161762e-04
1                                      2.1179863657431186e-03
2                                     -1.3959919534063114e-03
3                                      7.8096707962346801e-04
4                                     -5.1250141121221282e-03
5                                      3.8591230005556240e-03
6                                     -1.1504449122808416e-03
7                                     -7.5221132936271334e-04
8                                     -8.7005398940190153e-04
9                                     -5.8730553164215715e-05
10                                     5.7610414322524783e-03
11                                    -3.0688561489653488e-03
12                                     2.3704000356211674e-04
13                                    -2.3396773808425086e-03
14                                     1.0590003673192072e-03
15                                    -1.3198567802110914e-03
16                                     7.8850776333444506e-04
17                                     2.3976186825008169e-03
18                                    -2.0982399424068765e-04
19                                     5.6178495138067830e-04
20                                    -9.2338127907977408e-04
21                                    -4.0141214741779008e-04
22                                    -8.5735407632750449e-04
23                                    -1.3920501762126683e-03
24                                    -4.6179681251954929e-03
25                                     3.9122990367613381e-03
26                                    -1.6072799841278795e-03
27                                     1.2694200052716653e-04
28                                    -1.0731759922470163e-03
29                                     1.1152515771206684e-03
30                                     6.2692266202763955e-03
31                                    -5.2596571684703289e-04
32                                    -1.6578253934103424e-03
33                                     5.0217847113197267e-04
34                                     6.8643350425449251e-05
35                                    -8.0902367613745751e-05
36                                     9.6269896159575236e-04
37                                    -2.9183286384229373e-03
38                                     7.9286259218712060e-04
39                                    -6.8874864825896331e-04
40                                     2.1555701097940652e-03
41                                    -5.7365616992315245e-04
42                                     1.7393079641818410e-04
43                                    -3.7252532977444935e-05
44                                    -2.3093614867672474e-05
45                                     1.4779738947260784e-03
46                                    -9.2724074320585034e-05
47                                    -4.7279343123439455e-04
48                                     2.4495132402932093e-04
49                                     6.5965772734416506e-04
50                                     1.4023090286187367e-04
51                                    -3.5493602679004949e-04
52                                    -3.9354977310315786e-04
53                                    -1.6985382129802544e-04
54                                     3.3253825706440476e-04
55                                    -2.1846388648723292e-05
56                                    -8.9775579792346349e-05
57                                    -1.3048595433406973e-04
58                                     4.2884995593623493e-04
59                                     3.2430698991385912e-04
60                                    -4.4299313321616296e-05
61                                    -6.5797219179671018e-04
62                                    -1.8792475342641057e-04
63                                    -6.9453019326447610e-04
64                                    -1.9479327368190531e-03
65                                     9.1898140515212293e-04
66                                     6.0289453528909742e-04
67                                     2.5979691485115419e-03
68                                    -1.3276099829620247e-03
69                                    -3.4951279376342348e-03
70                                    -3.7980331143171453e-03
71                                     3.7449409233640818e-03
72                                    -2.9540023811189253e-04
73                                     1.3559235025113470e-03
74                                    -6.3176776926299194e-04
75                                    -3.2413184646287729e-04
76                                     2.8427323784451994e-03
77                                     1.4135651077044550e-04
78                                    -4.3496478307659264e-04
79                                    -1.2674815600100531e-03
80                                     1.6175015409885911e-04
81                                     2.0539562383064536e-03
82                                    -3.6046109274581739e-04
83                                    -1.9497767769991459e-03
84                                    -5.7699265821720136e-05
85                                    -2.9795332632642779e-05
86                                     6.5797909799630849e-05
87                                     1.3126264827079126e-04
88                                    -7.9936464848447131e-04
89                                     2.9806281831623593e-04
90                                     1.6998848810459433e-04
91                                    -2.8731077953370043e-04
92                                     3.3485907798090631e-04
93                                     6.0287942389678634e-04
94                                     2.8078525290770040e-05
95                                     2.5593102086907127e-04
96                                     4.6320954742195414e-04
97                                    -5.1282957661794026e-04
98                                     7.6954891867066222e-04
99                                    -7.3000916289700513e-06
100                                    6.1663712252668645e-04
101                                    8.3322062273960551e-05
102                                    5.9468404309814815e-05
103                                   -2.0489915823795890e-04
104                                   -6.2654004481944858e-05
105                                   -5.5734842567399523e-04
106                                   -1.5462257786152955e-04
107                                    3.9166924922784396e-05
108                                    1.3962903507636071e-05
109                                    5.0165039451099958e-05
110                                    7.7655096945371260e-05
111                                   -1.2613987411314032e-05
112                                    1.8672926037702209e-06
113                                    5.8902241801273014e-06
114                                   -4.5826209482249802e-05
115                                   -4.8420281603622772e-05
116                                   -7.9367800750657080e-05
117                                   -4.2201195190988416e-04
118                                    2.0192450071129797e-04
119                                    2.4933982574078944e-04
120                                    1.4731711245025148e-04
121                                    1.8927977953642205e-04
122                                   -1.5683331040627913e-05
123                                   -1.3078647376148222e-04
124                                   -5.0334126022152925e-04
125                                   -1.2512813736992312e-04
126                                    6.3023950578115773e-04
127                                   -9.5678801143880832e-04
128                                    3.2150989972695720e-04
129                                   -3.0275641304589040e-05
130                                    3.5017077267418539e-04
131                                   -2.1246722105033866e-04
132                                    1.5305240649806512e-04
133                                    2.3158021863581291e-04
134                                    1.8494082725500904e-04
135                                   -2.4901862983058021e-04
136                                    7.4568336021510473e-04
137                                   -4.2355403026622662e-04
   &Method [&Type "String"] "SCF"
   &Level [&Type "String"] "Relaxed density"
   &Mult [&Type "Integer"] 1
   &State [&Type "Integer"] 0
   &Irrep [&Type "Integer"] 0
$End
$Geometry
   &GeometryIndex 6
   &NAtoms [&Type "Integer"] 46
   &NCorelessECP [&Type "Integer"] 0
   &NGhostAtoms [&Type "Integer"] 0
   &CartesianCoordinates [&Type "Coordinates", &Dim(46,4), &Units "Bohr"] 
              O    -10.851748510441   -5.672157976280    1.120981387750
              C    -10.553510659821   -3.497046870667    0.534984369896
              N    -11.946627775423   -2.201333564061   -1.294152397554
              C    -11.084898651540    0.241534295443   -1.829653134543
              O    -12.143352517207    1.736732643854   -3.171769140937
              C     -8.564818332719    0.454265992804   -0.459023814025
              C     -7.637570154777    2.964315779397    0.560881994797
              C     -5.159532616451    2.548536383041    2.029364402705
              C     -2.798788508145    2.535962070273    0.378084162170
              O     -2.484509118112    3.670498897107   -1.567747322257
              N     -0.983488994714    1.000570654402    1.578651090299
              C      1.579799751976    0.775242395720    0.772480691880
              C      2.750094638214   -1.583495702198    0.730258408986
              C      5.242448250688   -1.783306476068   -0.053080491680
              C      6.631873068374    0.333049559253   -0.816365046939
              C      9.292694335598    0.099209349824   -1.657745688242
              C     11.071093962249    1.973906154755   -1.084924887555
              C     13.564377720190    1.753914481171   -1.874684272375
              C     14.336928204458   -0.342861762574   -3.258011277478
              C     12.592034563603   -2.219139457140   -3.842544918799
              C     10.099246025190   -2.002070387934   -3.050480511087
              C      5.412219656221    2.678639645756   -0.756335299142
              C      2.923455687734    2.914278425475    0.027488233187
              C     -2.018476580720   -0.292968187418    3.669536161904
              O     -0.849294233538   -1.609926738094    5.107372367059
              C     -4.855777806358    0.146615955906    3.659795716283
              C     -6.173184514536   -2.267896665529    2.602121148567
              C     -8.761727081215   -1.529314272076    1.632991278176
              H    -13.464966554611   -2.967314412220   -2.162864967306
              H     -7.185536453579   -0.240416369868   -1.851867575243
              H     -9.055262077076    3.774970724892    1.825419195975
              H     -7.293735781075    4.323889811353   -0.948138379823
              H     -4.876643112934    4.175968923878    3.280930921948
              H      1.731482163763   -3.239294323561    1.354124519614
              H      6.137930813596   -3.622818574138   -0.024339077686
              H     10.500787905592    3.589979021460    0.032874324664
              H     14.911852023681    3.218204106054   -1.393979934693
              H     16.280560281101   -0.513001196930   -3.874780381294
              H     13.169327272135   -3.851854101233   -4.934207417551
              H      8.744709049967   -3.449228158990   -3.557788367006
              H      6.409858382493    4.352331965844   -1.380764889602
              H      2.010706955141    4.740377945440    0.015225945905
              H     -5.479742758608    0.430259099875    5.603466460910
              H     -5.064522594755   -3.062866600240    1.047973509709
              H     -6.260232032685   -3.695697623810    4.082368613795
              H     -9.845529511472   -0.690272030204    3.197870507186
$End
$SCF_Energy
   &GeometryIndex 6
   &Method [&Type "String"] "SCF"
   &totalEnergy [&Type "ArrayOfDoubles", &Dim (1,1)] "Total energy of each state"
                                                         0

0                                     -1.2594065588539461e+03
   &Mult [&Type "ArrayOfIntegers", &Dim (1,1)] "Multiplicity of each state"
                                                         0

0                                                        1
$End
$DFT_Energy
   &GeometryIndex 6
   &nAlphaEl [&Type "Integer"] 98
   &nBetaEl [&Type "Integer"] 98
   &nTotalEl [&Type "Integer"] 196
   &finalEn [&Type "Double"]      -1.2594065588539461e+03  "No Van der Waals correction"
   &eExchange [&Type "Double"]      -1.3267146623311857e+02
   &eCorr [&Type "Double"]      -7.9416246659415579e+00
   &eXC [&Type "Double"]      -1.4061309089906013e+02
   &eCNL [&Type "Double"]       0.0000000000000000e+00
$End
$SCF_Timings
   &GeometryIndex 6
   &TOTAL [&Type "Double"]       6.3914912000000001e+01
   &PREP [&Type "Double"]       3.1388900000000003e-01
   &FOCK [&Type "Double"]       5.6217380999999996e+01
   &DENS [&Type "Double"]       4.1336900000000298e-01
   &ETOT [&Type "Double"]       1.6130700000000520e-01
   &POP [&Type "Double"]       9.9999999747524271e-07
   &TRAFO [&Type "Double"]       6.1700999999999695e-01
   &DIIS [&Type "Double"]       2.2114500000000010e+00
   &SOSCF [&Type "Double"]       2.0542690000000103e+00
   &XC [&Type "Double"]       4.7225630000000027e+00
   &FOCKSTART [&Type "Double"]       5.3527000000003544e-02
   &INT_PREP [&Type "Double"]       1.0000000010279564e-06
   &INT_BF [&Type "Double"]       9.8473900000009262e-01
   &INT_DENS [&Type "Double"]       1.4885359999999181e+00
   &INT_DENSIO [&Type "Double"]       9.5849962246000083e+04
   &INT_FUNC [&Type "Double"]       6.5121000000106122e-02
   &INT_POT [&Type "Double"]       1.6803269999997674e+00
   &INT_POTIO [&Type "Double"]       1.0760999999973819e-02
   &INT_SUM [&Type "Double"]       2.5139999999996832e-03
   &SPLITRIJ [&Type "Double"]       5.5410820000000074e+00
   &COSX [&Type "Double"]       4.7357430000000008e+01
$End
$Single_Point_Data
   &GeometryIndex 6
   &FinalEnergy [&Type "Double"]      -1.2594065588539461e+03  "Final single point energy"
   &Converged [&Type "Boolean"] true
$End
$SCF_Nuc_Gradient
   &GeometryIndex 6
   &NAtoms [&Type "Integer"] 46
   &gradNorm [&Type "Double"]       1.1321861735656760e-02
   &grad [&Type "ArrayOfDoubles", &Dim (138,1)] 
                                                         0

0                                     -4.4625247594290429e-04
1                                      6.4964477280898825e-04
2                                     -7.5659124466442851e-04
3                                      5.1581644428666529e-04
4                                     -1.7946332349514926e-03
5                                      2.1339295307858733e-03
6                                     -3.9215727977135253e-04
7                                     -2.3495114415528900e-04
8                                     -5.3394118355032383e-05
9                                      8.5683412823614469e-04
10                                     2.4205685974810764e-03
11                                    -1.8260920545795367e-03
12                                    -2.9617268088383275e-04
13                                    -1.0463234319364467e-03
14                                     3.8237414219555177e-04
15                                    -1.3217310026142348e-03
16                                     3.2269908684681714e-04
17                                     2.0404275111052250e-03
18                                    -5.4293968805573661e-04
19                                    -2.2730400245385418e-04
20                                    -5.6979797383759079e-04
21                                     4.3332961534583991e-04
22                                    -1.6373418909183327e-03
23                                    -9.2007150505092616e-04
24                                    -2.9531724471359988e-03
25                                     2.5533399415134661e-03
26                                     2.3876239117326392e-04
27                                     7.8160904551149990e-05
28                                    -2.6878771076166430e-04
29                                    -3.7460462051064347e-04
30                                     4.6788907390032802e-03
31                                    -1.1645162319809128e-03
32                                    -1.7613139020765979e-03
33                                    -1.2988809638191379e-03
34                                     5.2068753111287475e-05
35                                     2.0065995787574634e-04
36                                     2.6999944862925521e-04
37                                    -1.8355183796431862e-03
38                                     1.5347611144790260e-04
39                                    -3.5886238484398453e-04
40                                     1.4185958622163833e-03
41                                    -3.4539333964840602e-04
42                                     9.4637742925139656e-04
43                                    -7.1904433318635552e-05
44                                    -3.2186310373844007e-04
45                                     2.3745802237171154e-05
46                                    -4.2831135906983703e-05
47                                    -6.7803137348415587e-06
48                                     3.8984274736865443e-04
49                                     9.1812541358528982e-04
50                                     6.1710116913948551e-05
51                                    -1.1798994923106071e-04
52                                    -3.4993697717256370e-04
53                                    -2.0878711564174812e-04
54                                     2.1021228284521382e-04
55                                    -6.4111183540986605e-06
56                                    -5.2180113794101507e-05
57                                     8.2387845795894865e-05
58                                     3.3989501477420248e-04
59                                     2.1542851548870742e-04
60                                     1.2993376487313579e-04
61                                    -9.1773279416406534e-04
62                                    -2.1947653017596012e-04
63                                    -3.2231413985406993e-04
64                                    -1.2916513565446111e-03
65                                     6.2138386970892606e-04
66                                     4.0681777948574013e-04
67                                     1.8620775691548241e-03
68                                    -2.9607427859657670e-04
69                                    -2.5864124804678146e-03
70                                     3.8222019964867515e-04
71                                     3.7425571409856473e-03
72                                     3.6454119241102756e-04
73                                    -4.0674214029551292e-04
74                                    -5.7517830800407621e-04
75                                     4.5577880210891791e-04
76                                     2.0719237498338719e-03
77                                    -1.1363808740142978e-03
78                                    -8.4040129082862264e-04
79                                    -8.8494284892315367e-04
80                                    -1.4724290909987406e-04
81                                     1.5107501714140548e-03
82                                    -7.3858321194303356e-05
83                                    -1.7277023769523246e-03
84                                    -6.0359785201136162e-06
85                                     1.2706622529196077e-05
86                                     5.9692715020903675e-05
87                                     6.5122742485546059e-05
88                                    -5.0094748326222349e-04
89                                    -3.3202396355958008e-05
90                                     1.0077302532471299e-04
91                                    -1.4430009330376747e-04
92                                     3.6116056216721482e-04
93                                     5.6189033068274746e-04
94                                    -2.7284704307239949e-05
95                                     3.4210379085242160e-05
96                                     6.3220516428714318e-04
97                                    -2.1484431795396053e-04
98                                     5.1679248345301576e-04
99                                    -5.3788426045434101e-04
100                                    1.1591148383366390e-04
101                                    3.7483842115853400e-04
102                                    1.1181888435643494e-04
103                                   -2.2019361939973336e-04
104                                   -5.6000287042863063e-05
105                                   -4.6739081406940719e-04
106                                   -1.5892849265458642e-04
107                                    6.8390504622817261e-05
108                                    9.1853201248826011e-05
109                                    8.2068292803161302e-05
110                                    4.3656856867739513e-05
111                                    5.5751780431156917e-05
112                                   -3.7628430844018068e-06
113                                   -1.5655551853746563e-05
114                                    3.0345181482718808e-05
115                                   -8.4029997407780721e-05
116                                   -9.7717101584765542e-05
117                                   -3.7091970037439470e-04
118                                    2.0713778075190370e-04
119                                    1.8134187225499199e-04
120                                    1.6996846313580005e-04
121                                    1.9705344712334094e-04
122                                   -4.7684943746365005e-05
123                                   -5.0288011789154097e-04
124                                   -1.2362270219173910e-04
125                                   -1.7942314167448958e-05
126                                    5.2661655455062129e-04
127                                   -7.8213595487188967e-04
128                                    4.1329806759202170e-04
129                                    8.8372238793210656e-05
130                                    4.5227848234755119e-04
131                                   -3.1184920960775075e-04
132                                   -3.8856277010661244e-05
133                                    1.3020465320232044e-04
134                                    2.1850283055768749e-04
135                                   -3.8688272836337467e-04
136                                    3.2691763599584922e-04
137                                   -1.8361749868717192e-04
   &Method [&Type "String"] "SCF"
   &Level [&Type "String"] "Relaxed density"
   &Mult [&Type "Integer"] 1
   &State [&Type "Integer"] 0
   &Irrep [&Type "Integer"] 0
$End
$Geometry
   &GeometryIndex 7
   &NAtoms [&Type "Integer"] 46
   &NCorelessECP [&Type "Integer"] 0
   &NGhostAtoms [&Type "Integer"] 0
   &CartesianCoordinates [&Type "Coordinates", &Dim(46,4), &Units "Bohr"] 
              O    -10.870739760820   -5.660973303797    1.262652373400
              C    -10.574801237557   -3.498542011509    0.623622022116
              N    -11.968869475055   -2.244713219859   -1.228466335394
              C    -11.100496651953    0.179018166177   -1.816610047257
              O    -12.154434733054    1.654379068461   -3.187173010744
              C     -8.572156318312    0.414351992780   -0.467542573240
              C     -7.636709413391    2.945390569037    0.491003944352
              C     -5.156396425268    2.560242274010    1.965578768402
              C     -2.792779705173    2.515319138444    0.315649466850
              O     -2.465997838798    3.639031670235   -1.635508402623
              N     -0.987489426737    1.005121211905    1.543108218500
              C      1.580633787043    0.780048523467    0.749891268766
              C      2.725509783064   -1.585895789031    0.635012536877
              C      5.221854503016   -1.790586558418   -0.134813700621
              C      6.636657324058    0.337089545904   -0.818573966090
              C      9.299112684081    0.102578808848   -1.651472879739
              C     11.101844345927    1.922297750082   -0.984518289851
              C     13.597332625801    1.702299152959   -1.767395210881
              C     14.349294517224   -0.341282115629   -3.238467142795
              C     12.582186988501   -2.163904609974   -3.917198359690
              C     10.087415132399   -1.945179046055   -3.131871363063
              C      5.442866132457    2.694040059946   -0.690032395162
              C      2.951566127693    2.925888335004    0.087973620325
              C     -2.014803501831   -0.269282899711    3.638885745786
              O     -0.839983942568   -1.555081631789    5.101686091436
              C     -4.851486461020    0.187114588547    3.643596706077
              C     -6.185942919927   -2.243169214719    2.651657252053
              C     -8.774692769560   -1.514897423310    1.675273257934
              H    -13.490791217580   -3.025646272072   -2.077317936213
              H     -7.201632617266   -0.312834305931   -1.851409567139
              H     -9.052162009361    3.790227792466    1.735355267691
              H     -7.298354355192    4.267447699189   -1.052459138085
              H     -4.878085633189    4.215962207013    3.179551387824
              H      1.682748809981   -3.252524160015    1.188015239720
              H      6.097764172827   -3.638876918053   -0.159756564425
              H     10.551595682912    3.496603495171    0.200947908163
              H     14.961767089282    3.124150521748   -1.213670273988
              H     16.294541891298   -0.511983511758   -3.849975156415
              H     13.143810873116   -3.755122823255   -5.075814381099
              H      8.719198574989   -3.350505952857   -3.714377274869
              H      6.461098086580    4.376262948140   -1.253004585319
              H      2.060180725942    4.762806655204    0.138686809791
              H     -5.466371466973    0.523705778014    5.581668180465
              H     -5.088273769295   -3.086086816582    1.115234796484
              H     -6.276203031818   -3.634655962792    4.165940123839
              H     -9.849321397041   -0.640660573891    3.226433788396
$End
$SCF_Energy
   &GeometryIndex 7
   &Method [&Type "String"] "SCF"
   &totalEnergy [&Type "ArrayOfDoubles", &Dim (1,1)] "Total energy of each state"
                                                         0

0                                     -1.2594067213995852e+03
   &Mult [&Type "ArrayOfIntegers", &Dim (1,1)] "Multiplicity of each state"
                                                         0

0                                                        1
$End
$DFT_Energy
   &GeometryIndex 7
   &nAlphaEl [&Type "Integer"] 98
   &nBetaEl [&Type "Integer"] 98
   &nTotalEl [&Type "Integer"] 196
   &finalEn [&Type "Double"]      -1.2594067213995852e+03  "No Van der Waals correction"
   &eExchange [&Type "Double"]      -1.3267453888739408e+02
   &eCorr [&Type "Double"]      -7.9416302476055529e+00
   &eXC [&Type "Double"]      -1.4061616913499964e+02
   &eCNL [&Type "Double"]       0.0000000000000000e+00
$End
$SCF_Timings
   &GeometryIndex 7
   &TOTAL [&Type "Double"]       5.0614474999999999e+01
   &PREP [&Type "Double"]       3.5237000000000007e-01
   &FOCK [&Type "Double"]       4.3773283000000006e+01
   &DENS [&Type "Double"]       3.2738599999998996e-01
   &ETOT [&Type "Double"]       1.1666400000000454e-01
   &POP [&Type "Double"]       9.9999999747524271e-07
   &TRAFO [&Type "Double"]       6.1726799999999571e-01
   &DIIS [&Type "Double"]       2.2270230000000009e+00
   &SOSCF [&Type "Double"]       1.1507019999999955e+00
   &XC [&Type "Double"]       3.5771849999999805e+00
   &FOCKSTART [&Type "Double"]       4.7090999999997551e-02
   &INT_PREP [&Type "Double"]       3.9999999934536845e-06
   &INT_BF [&Type "Double"]       7.0005300000010529e-01
   &INT_DENS [&Type "Double"]       1.0891929999999777e+00
   &INT_DENSIO [&Type "Double"]       5.0575584889000027e+04
   &INT_FUNC [&Type "Double"]       4.7007000000019339e-02
   &INT_POT [&Type "Double"]       1.3522609999999329e+00
   &INT_POTIO [&Type "Double"]       7.6690000000683156e-03
   &INT_SUM [&Type "Double"]       1.2949999999962714e-03
   &SPLITRIJ [&Type "Double"]       4.0951250000000012e+00
   &COSX [&Type "Double"]       3.7984892000000002e+01
$End
$Single_Point_Data
   &GeometryIndex 7
   &FinalEnergy [&Type "Double"]      -1.2594067213995852e+03  "Final single point energy"
   &Converged [&Type "Boolean"] true
$End
$SCF_Nuc_Gradient
   &GeometryIndex 7
   &NAtoms [&Type "Integer"] 46
   &gradNorm [&Type "Double"]       5.0614541138583524e-03
   &grad [&Type "ArrayOfDoubles", &Dim (138,1)] 
                                                         0

0                                     -1.3801139796060236e-04
1                                     -4.4384642395312035e-04
2                                     -6.3010442539396250e-05
3                                     -2.2276260601378217e-04
4                                      8.6275253908119076e-04
5                                      2.6565778924447780e-04
6                                      3.4413462970921127e-04
7                                      1.2624941210023777e-04
8                                      2.0165955374274944e-04
9                                      6.8172329635832196e-04
10                                    -3.6327638315977739e-04
11                                     2.2811772265779462e-04
12                                    -3.3503371874599175e-04
13                                     5.9010906991119327e-05
14                                    -3.0301755961348320e-04
15                                    -5.0711154350836091e-04
16                                    -1.4900370867985957e-04
17                                     5.7217776102722051e-04
18                                    -4.2054062352636645e-04
19                                    -2.8750626308568505e-04
20                                    -1.3927626262280265e-04
21                                     8.0208027689306072e-04
22                                    -5.1209789925495131e-04
23                                    -4.1351128899712319e-05
24                                    -1.1375110222156815e-03
25                                    -9.1261178802987120e-04
26                                     4.1666598034600932e-04
27                                     1.6610178698020506e-04
28                                     6.2689966843182399e-04
29                                    -4.2505410468640648e-04
30                                     1.5980170562992363e-03
31                                     3.7995215985148212e-04
32                                    -3.4759413870591449e-04
33                                    -1.4454261999543305e-03
34                                     2.8437549631835438e-04
35                                     5.0250315222351988e-04
36                                     1.2314716985938577e-04
37                                    -6.0342513411622278e-04
38                                    -3.9510926911772576e-05
39                                    -1.2748531388728605e-04
40                                     3.9865261831064508e-04
41                                    -2.0468093896917200e-04
42                                     9.2572310126516621e-04
43                                    -7.2552077124456160e-05
44                                    -2.5634994912120818e-04
45                                    -7.6842704063601053e-04
46                                     2.1473194133222670e-05
47                                     2.1683604085848823e-04
48                                     3.9188823062768358e-04
49                                     5.0396867118368549e-04
50                                    -3.9505762432268804e-05
51                                     6.0411321087458503e-06
52                                    -1.4608393154725424e-04
53                                    -8.5480198245571626e-05
54                                     1.7963049057510838e-05
55                                     7.8997773807452931e-06
56                                    -2.1416034722960414e-05
57                                     8.8658330992280598e-05
58                                     1.2820936385572745e-04
59                                     5.8900403620748554e-05
60                                     2.7456265741590546e-04
61                                    -5.3359930976307896e-04
62                                    -1.5828633389747965e-04
63                                    -3.0190144008672426e-05
64                                    -2.9927483970104696e-04
65                                     2.0590418196888421e-04
66                                     3.2270443534556867e-04
67                                     5.2289451439111595e-04
68                                    -5.8375860857570391e-05
69                                    -1.4613021026148310e-03
70                                    -1.0630527592861427e-03
71                                    -6.1417742163460964e-04
72                                     5.7393389715271192e-04
73                                     1.1477335733739435e-04
74                                     7.1754268908985619e-04
75                                     6.2132685632625140e-04
76                                     1.6459311829467652e-03
77                                    -5.0144485661279652e-04
78                                    -2.6961973019907354e-04
79                                    -4.4319768180180186e-04
80                                    -1.2357812506550575e-04
81                                     5.7491694498061630e-04
82                                     2.5811278844768692e-04
83                                    -6.4478611522901172e-04
84                                     2.7937958644252969e-05
85                                     6.0801310250852003e-06
86                                    -3.4142874691944769e-06
87                                    -8.8592133714593402e-06
88                                    -2.8917132279149271e-05
89                                    -1.9008408579139491e-04
90                                     5.2366959843092031e-05
91                                    -3.8323079353502765e-05
92                                     1.7803810646367657e-04
93                                     2.1622938935773536e-04
94                                    -6.3827596645305018e-05
95                                    -7.3772471829686159e-05
96                                     2.2933787314031312e-04
97                                     2.0111855428217584e-05
98                                     2.4397883758940642e-04
99                                    -3.7800968007836722e-04
100                                    6.2408858432061454e-05
101                                    1.7075626694033896e-04
102                                    1.4093334882683828e-05
103                                   -8.4845071287809048e-05
104                                    2.3388119602419169e-05
105                                   -1.5926069041389407e-04
106                                   -1.0183988099654595e-04
107                                    2.8639418370224323e-05
108                                    6.8491370304457622e-05
109                                    3.2651719243437238e-05
110                                   -4.1290398162668884e-06
111                                    4.0876050924731899e-05
112                                   -3.0712306582220128e-06
113                                   -1.1125545316459373e-05
114                                    5.2657494340628552e-05
115                                   -3.5281454555335934e-05
116                                   -3.2803194651473411e-05
117                                   -1.4187626120740204e-04
118                                    1.2957542405589439e-04
119                                    6.7925759781872763e-05
120                                    1.9413025732356592e-06
121                                    6.5206312805043964e-05
122                                   -3.1469268937288353e-05
123                                   -3.5121437952440049e-04
124                                   -1.2582877408490178e-05
125                                    9.2351603483278172e-05
126                                   -8.0539847496313710e-05
127                                   -3.0875744709520092e-04
128                                    2.2523617390743378e-04
129                                    1.4554786258294539e-04
130                                    3.5369140024246737e-04
131                                   -1.3631259604346413e-04
132                                   -1.0788944924221625e-04
133                                    4.7365164063062348e-05
134                                    9.6987262986542033e-05
135                                   -2.7133147488990483e-04
136                                   -1.5127254741710561e-04
137                                    3.6739819962688935e-05
   &Method [&Type "String"] "SCF"
   &Level [&Type "String"] "Relaxed density"
   &Mult [&Type "Integer"] 1
   &State [&Type "Integer"] 0
   &Irrep [&Type "Integer"] 0
$End
$Geometry
   &GeometryIndex 8
   &NAtoms [&Type "Integer"] 46
   &NCorelessECP [&Type "Integer"] 0
   &NGhostAtoms [&Type "Integer"] 0
   &CartesianCoordinates [&Type "Coordinates", &Dim(46,4), &Units "Bohr"] 
              O    -10.831666346486   -5.678291358821    1.266314457832
              C    -10.547867230221   -3.515967533790    0.621123456089
              N    -11.946310775163   -2.273571512531   -1.234853528962
              C    -11.089724697387    0.153927106160   -1.821841709606
              O    -12.147558707882    1.626122138741   -3.193059224309
              C     -8.562398543132    0.403362393580   -0.472228479879
              C     -7.642122944249    2.942850509446    0.479626262496
              C     -5.165243960958    2.575856401363    1.963657134648
              C     -2.792893141521    2.536560833808    0.321654897410
              O     -2.469426601335    3.647194861052   -1.637074979595
              N     -0.991130138744    1.027534168979    1.550696690903
              C      1.578198457867    0.794865455712    0.752203757489
              C      2.716649478559   -1.573080556850    0.631583725977
              C      5.211343377262   -1.785311600163   -0.139989171801
              C      6.630199086038    0.340179081261   -0.820477683543
              C      9.292014879288    0.099646068072   -1.653854359775
              C     11.107860837274    1.891650112501   -0.951475099202
              C     13.602892523477    1.665782554334   -1.733557886925
              C     14.340754908278   -0.357256523557   -3.239701814684
              C     12.560049052312   -2.152737427143   -3.954159519639
              C     10.066044023371   -1.927057159601   -3.169019291782
              C      5.444477146835    2.700534949823   -0.688365207740
              C      2.954589408635    2.936498168384    0.091532184162
              C     -2.013647318261   -0.237767720562    3.650602957709
              O     -0.841364668807   -1.533054027177    5.106535522567
              C     -4.853821097603    0.206819931886    3.651956143320
              C     -6.177266088598   -2.232151288592    2.669628561632
              C     -8.765455187185   -1.519111751647    1.678834930901
              H    -13.462679010929   -3.063589238434   -2.085310954457
              H     -7.185815563109   -0.321824416179   -1.850183332078
              H     -9.066662216448    3.785216964766    1.714983864138
              H     -7.309472103930    4.261387125494   -1.067979505003
              H     -4.903121734401    4.239075264379    3.169726105710
              H      1.671760476327   -3.239745222700    1.178290929377
              H      6.081752707815   -3.635763335580   -0.169165773277
              H     10.570032812329    3.450581344861    0.259940518785
              H     14.977403122276    3.066367200867   -1.152117810434
              H     16.285576689787   -0.532983749934   -3.850811634960
              H     13.110407908749   -3.727783215479   -5.139583652861
              H      8.689300776860   -3.312609467049   -3.778506928279
              H      6.467405089092    4.380662014463   -1.247974616222
              H      2.072425394773    4.777322358150    0.148017567802
              H     -5.473381205615    0.554464753146    5.586000310117
              H     -5.072440495894   -3.085427607018    1.144246471531
              H     -6.269323739464   -3.614957797058    4.191649884598
              H     -9.850340860427   -0.645446419619    3.222482050367
$End
$SCF_Energy
   &GeometryIndex 8
   &Method [&Type "String"] "SCF"
   &totalEnergy [&Type "ArrayOfDoubles", &Dim (1,1)] "Total energy of each state"
                                                         0

0                                     -1.2594067531208811e+03
   &Mult [&Type "ArrayOfIntegers", &Dim (1,1)] "Multiplicity of each state"
                                                         0

0                                                        1
$End
$DFT_Energy
   &GeometryIndex 8
   &nAlphaEl [&Type "Integer"] 98
   &nBetaEl [&Type "Integer"] 98
   &nTotalEl [&Type "Integer"] 196
   &finalEn [&Type "Double"]      -1.2594067531208811e+03  "No Van der Waals correction"
   &eExchange [&Type "Double"]      -1.3267549910544011e+02
   &eCorr [&Type "Double"]      -7.9416001230606810e+00
   &eXC [&Type "Double"]      -1.4061709922850079e+02
   &eCNL [&Type "Double"]       0.0000000000000000e+00
$End
$SCF_Timings
   &GeometryIndex 8
   &TOTAL [&Type "Double"]       4.6993153999999997e+01
   &PREP [&Type "Double"]       3.1957000000000002e-01
   &FOCK [&Type "Double"]       3.9697314000000006e+01
   &DENS [&Type "Double"]       2.9028299999999518e-01
   &ETOT [&Type "Double"]       1.0219699999999943e-01
   &TRAFO [&Type "Double"]       6.2254500000000235e-01
   &DIIS [&Type "Double"]       2.2149130000000001e+00
   &SOSCF [&Type "Double"]       9.3943700000000518e-01
   &XC [&Type "Double"]       3.1439049999999984e+00
   &FOCKSTART [&Type "Double"]       4.3433000000005384e-02
   &INT_PREP [&Type "Double"]       9.9999999925159955e-07
   &INT_BF [&Type "Double"]       6.1646599999985874e-01
   &INT_DENS [&Type "Double"]       9.5226500000004677e-01
   &INT_DENSIO [&Type "Double"]       4.0515085873000040e+04
   &INT_FUNC [&Type "Double"]       4.1063999999980894e-02
   &INT_POT [&Type "Double"]       1.1492420000000489e+00
   &INT_POTIO [&Type "Double"]       6.6700000000352588e-03
   &INT_SUM [&Type "Double"]       1.6140000000044452e-03
   &SPLITRIJ [&Type "Double"]       3.6570920000000049e+00
   &COSX [&Type "Double"]       3.5595692000000000e+01
$End
$Single_Point_Data
   &GeometryIndex 8
   &FinalEnergy [&Type "Double"]      -1.2594067531208811e+03  "Final single point energy"
   &Converged [&Type "Boolean"] true
$End
$SCF_Nuc_Gradient
   &GeometryIndex 8
   &NAtoms [&Type "Integer"] 46
   &gradNorm [&Type "Double"]       2.8585118492275227e-03
   &grad [&Type "ArrayOfDoubles", &Dim (138,1)] 
                                                         0

0                                     -8.9452826476779657e-05
1                                     -3.8520097260896780e-04
2                                      2.9349365207576028e-04
3                                     -2.3044954133299989e-05
4                                      9.2165244105180122e-04
5                                     -8.0504202582103168e-04
6                                      2.5926902419703274e-04
7                                      1.6710779457508422e-04
8                                      2.4854300573523558e-04
9                                      1.5527588344130261e-04
10                                    -8.7471775220226977e-04
11                                     7.3904983538947144e-04
12                                    -1.0611064033458351e-04
13                                     2.8155169383425882e-04
14                                    -3.4881331520564274e-04
15                                     1.6576734128720405e-05
16                                    -2.1543364992987479e-04
17                                    -1.3569666523446933e-04
18                                    -2.2250975036845755e-04
19                                    -7.6449473945090773e-05
20                                     1.1408910564713812e-04
21                                     1.9365107194001252e-04
22                                    -3.0942231899640932e-04
23                                    -5.3557013958926980e-05
24                                     5.8561989217145727e-04
25                                     3.3870986211950727e-05
26                                     9.6497460600886154e-04
27                                    -1.9730142758296598e-04
28                                     1.7685408104872735e-05
29                                    -3.6768524264779723e-04
30                                    -3.4957113745219537e-04
31                                    -1.5424672637064096e-04
32                                    -2.0256747365567096e-04
33                                    -7.1845544765013203e-04
34                                     9.2403320546198542e-05
35                                     2.4694657319648816e-04
36                                     3.8179333090383738e-04
37                                    -8.3068613687058146e-05
38                                    -6.3378402107147278e-05
39                                    -1.1186594177813730e-04
40                                    -3.0687919528551988e-05
41                                    -5.1835765490663988e-05
42                                     4.8307719231802104e-04
43                                    -6.1178445847166751e-05
44                                    -1.3135798845506641e-04
45                                    -6.3641314342202659e-04
46                                     4.7814919716115956e-05
47                                     1.7182476891952625e-04
48                                     2.5416543641837430e-04
49                                     5.6119424226334924e-05
50                                    -1.2328437873736220e-04
51                                    -3.5151947205810941e-05
52                                     1.9163814211072688e-05
53                                     3.1016679899870808e-05
54                                    -2.9662540816655092e-05
55                                     2.1492313642262895e-06
56                                    -2.6721422294803676e-06
57                                    -4.0235316008011002e-05
58                                    -9.0497390327591576e-06
59                                    -5.3506932988153788e-06
60                                     2.7252083474186423e-04
61                                    -9.7378637564760062e-05
62                                    -3.5159891640088037e-05
63                                    -3.3520835191230836e-05
64                                     5.0472788940880697e-05
65                                     9.5518246064801512e-05
66                                     3.1511518786113413e-04
67                                    -4.9038688507654915e-05
68                                    -1.8821613630191913e-04
69                                    -1.0128256285368842e-04
70                                     6.9993961270828353e-04
71                                    -1.7287843461791241e-04
72                                     3.8654656328795944e-05
73                                    -2.5101558769990984e-04
74                                     9.6337936058177309e-05
75                                     2.7023199416075644e-04
76                                     7.3241451331348961e-05
77                                    -1.8101261019399378e-04
78                                    -1.1297723576960544e-04
79                                    -1.6840852744207102e-04
80                                    -4.6727770348378717e-05
81                                    -8.7668761498793657e-05
82                                     2.1230613904019147e-04
83                                     6.5850166561878115e-05
84                                     5.0195263700536508e-06
85                                     5.7571501892728083e-06
86                                    -2.2652302132539215e-05
87                                    -3.8745744505963575e-05
88                                     1.3138181813601713e-04
89                                    -1.3018249376722801e-04
90                                     3.5227125194409181e-05
91                                    -5.6521161870826120e-06
92                                     1.7245932277101805e-05
93                                     1.3137888971778006e-05
94                                    -3.2252217853467879e-05
95                                    -3.3044699337375638e-05
96                                     7.6106806367180757e-05
97                                     5.8758452519847015e-05
98                                    -1.4674266251618606e-04
99                                    -7.9973979096009673e-05
100                                    1.1845993104164787e-04
101                                   -4.2177322943086348e-05
102                                   -6.4028271770655287e-05
103                                    1.2133325790308902e-05
104                                    6.7344658974701627e-05
105                                    1.9610712765703864e-05
106                                   -3.6417185989651157e-05
107                                    4.7761220797193360e-06
108                                    1.1078097976235934e-05
109                                   -1.0419982109877157e-05
110                                   -2.4596041292096471e-05
111                                   -2.9090508113505109e-08
112                                    1.3259120948960756e-06
113                                   -7.1927784142666873e-07
114                                    2.7220292350138564e-05
115                                    8.8020586999082440e-06
116                                    1.7974987417748722e-05
117                                    8.2852135842859109e-06
118                                    4.0722141918747568e-05
119                                   -4.6673453934636955e-06
120                                   -1.0159791452910016e-04
121                                   -7.9764553426175944e-07
122                                    8.1319553472611328e-06
123                                   -6.6171403535542073e-05
124                                   -7.1119922608942066e-05
125                                    8.3147198404456488e-05
126                                   -7.5299586543814412e-05
127                                   -8.1174956270219090e-05
128                                   -6.0976808839985353e-06
129                                    5.4589054655440616e-05
130                                    1.4038069567993972e-04
131                                   -3.4084449365895386e-05
132                                   -7.0420548104648331e-05
133                                    7.8530622755756951e-06
134                                   -5.0307888713185811e-06
135                                   -8.4734960104360102e-05
136                                   -1.9792250232091024e-04
137                                    9.8965576668857969e-05
   &Method [&Type "String"] "SCF"
   &Level [&Type "String"] "Relaxed density"
   &Mult [&Type "Integer"] 1
   &State [&Type "Integer"] 0
   &Irrep [&Type "Integer"] 0
$End
$Geometry
   &GeometryIndex 9
   &NAtoms [&Type "Integer"] 46
   &NCorelessECP [&Type "Integer"] 0
   &NGhostAtoms [&Type "Integer"] 0
   &CartesianCoordinates [&Type "Coordinates", &Dim(46,4), &Units "Bohr"] 
              O    -10.838147758631   -5.675736219880    1.285910636100
              C    -10.554319264342   -3.515381526474    0.635917294877
              N    -11.952567199147   -2.276922136478   -1.224193524673
              C    -11.093916555657    0.148821292153   -1.819363206549
              O    -12.152893694717    1.619215337944   -3.190848043989
              C     -8.564951908134    0.399388259275   -0.471757137013
              C     -7.641527126084    2.941332563276    0.471045927588
              C     -5.164688827301    2.576222681292    1.954679183309
              C     -2.793449562387    2.531171797018    0.310031811714
              O     -2.467636152801    3.641712603275   -1.647871010333
              N     -0.990663901710    1.025323005091    1.542573639216
              C      1.579551377398    0.792892671621    0.744336227319
              C      2.716690136160   -1.575250626877    0.620984837626
              C      5.211670607734   -1.786713817609   -0.149484387744
              C      6.630926026573    0.340008353701   -0.824296954155
              C      9.294278081975    0.100482820201   -1.654261584518
              C     11.111652982334    1.882877070691   -0.933340993592
              C     13.608045952366    1.657697374981   -1.711295210855
              C     14.344858720296   -0.354826353343   -3.232122109732
              C     12.561669401399   -2.140384837397   -3.965383068789
              C     10.066473552754   -1.915567308000   -3.183777422258
              C      5.446525905237    2.700543802284   -0.689217894701
              C      2.956029458959    2.935686297988    0.088494986511
              C     -2.012419411631   -0.237653117745    3.644528424262
              O     -0.839197852814   -1.530356546988    5.101433498602
              C     -4.852861802444    0.210746255812    3.649544140620
              C     -6.181025899965   -2.229640786401    2.678065652051
              C     -8.768943114992   -1.516413864848    1.685971717847
              H    -13.470543631184   -3.067863782470   -2.070891263896
              H     -7.189536556464   -0.332879699233   -1.846991640283
              H     -9.064843790823    3.789041491019    1.704197253455
              H     -7.308728879943    4.254888574994   -1.080714242985
              H     -4.901236044672    4.241815441252    3.157134362697
              H      1.671725799450   -3.242976185884    1.164775883239
              H      6.082098884239   -3.637179826769   -0.182535399664
              H     10.574207054843    3.433721975815    0.288750959735
              H     14.984215798350    3.050439160488   -1.115136691444
              H     16.290663023451   -0.529970902595   -3.840225025994
              H     13.110923896905   -3.706885474736   -5.162594155984
              H      8.688152603783   -3.293637001874   -3.806850852833
              H      6.471487113498    4.381166515253   -1.244056562978
              H      2.074471221511    4.776801447094    0.146706116432
              H     -5.467770871625    0.566099099431    5.583558706654
              H     -5.079370306234   -3.092632110198    1.155849136280
              H     -6.274076557816   -3.605817027682    4.206016950515
              H     -9.850997148247   -0.634433906728    3.226697258861
$End
$SCF_Energy
   &GeometryIndex 9
   &Method [&Type "String"] "SCF"
   &totalEnergy [&Type "ArrayOfDoubles", &Dim (1,1)] "Total energy of each state"
                                                         0

0                                     -1.2594067499280659e+03
   &Mult [&Type "ArrayOfIntegers", &Dim (1,1)] "Multiplicity of each state"
                                                         0

0                                                        1
$End
$DFT_Energy
   &GeometryIndex 9
   &nAlphaEl [&Type "Integer"] 98
   &nBetaEl [&Type "Integer"] 98
   &nTotalEl [&Type "Integer"] 196
   &finalEn [&Type "Double"]      -1.2594067499280659e+03  "No Van der Waals correction"
   &eExchange [&Type "Double"]      -1.3267507754158729e+02
   &eCorr [&Type "Double"]      -7.9415249435745672e+00
   &eXC [&Type "Double"]      -1.4061660248516185e+02
   &eCNL [&Type "Double"]       0.0000000000000000e+00
$End
$SCF_Timings
   &GeometryIndex 9
   &TOTAL [&Type "Double"]       4.6525168999999998e+01
   &PREP [&Type "Double"]       3.5649399999999998e-01
   &FOCK [&Type "Double"]       4.0352643000000000e+01
   &DENS [&Type "Double"]       2.6550600000000202e-01
   &ETOT [&Type "Double"]       1.0658599999999741e-01
   &TRAFO [&Type "Double"]       6.1525799999999897e-01
   &DIIS [&Type "Double"]       1.4298749999999991e+00
   &SOSCF [&Type "Double"]       1.3613980000000021e+00
   &XC [&Type "Double"]       3.0554979999999938e+00
   &FOCKSTART [&Type "Double"]       4.2401000000000688e-02
   &INT_PREP [&Type "Double"]       9.9999999925159955e-07
   &INT_BF [&Type "Double"]       5.9980700000000198e-01
   &INT_DENS [&Type "Double"]       9.1364999999993479e-01
   &INT_DENSIO [&Type "Double"]       4.3054792076000049e+04
   &INT_FUNC [&Type "Double"]       4.2578000000063732e-02
   &INT_POT [&Type "Double"]       1.0138240000001533e+00
   &INT_POTIO [&Type "Double"]       6.6349999998651654e-03
   &INT_SUM [&Type "Double"]       1.8060000000019727e-03
   &SPLITRIJ [&Type "Double"]       3.5536190000000136e+00
   &COSX [&Type "Double"]       3.5726990999999998e+01
$End
$Single_Point_Data
   &GeometryIndex 9
   &FinalEnergy [&Type "Double"]      -1.2594067499280659e+03  "Final single point energy"
   &Converged [&Type "Boolean"] true
$End
$SCF_Nuc_Gradient
   &GeometryIndex 9
   &NAtoms [&Type "Integer"] 46
   &gradNorm [&Type "Double"]       1.2652072020742726e-03
   &grad [&Type "ArrayOfDoubles", &Dim (138,1)] 
                                                         0

0                                      2.0569058244712668e-06
1                                     -1.2140154432327410e-04
2                                      1.2768957124936753e-04
3                                     -1.2650274770173442e-04
4                                      3.3404828339467230e-04
5                                     -3.6596868167950575e-04
6                                      8.0692577439187008e-05
7                                      7.2682737904901373e-05
8                                      1.4159847422440947e-04
9                                      4.5347561508340961e-05
10                                    -4.4923465341331625e-04
11                                     1.5096728929148151e-04
12                                    -2.6834117366592025e-05
13                                     1.3640156690009064e-04
14                                    -7.6253257691727416e-05
15                                     5.8547225010939508e-05
16                                    -7.4001789323277500e-05
17                                    -5.6056441634699805e-05
18                                    -5.5427810202166028e-05
19                                     6.4961308299298082e-05
20                                     6.1030435302991681e-05
21                                     2.2597091412196457e-05
22                                    -3.4880512948712306e-05
23                                    -1.7748869215530871e-05
24                                     2.5682357977160897e-04
25                                    -2.2750913876971868e-04
26                                     1.9259153436673726e-04
27                                    -5.5758158342425479e-05
28                                     3.7576760623381222e-05
29                                    -7.1523862542610672e-06
30                                    -2.2229995907249028e-04
31                                     3.5041368943240087e-05
32                                    -5.9387676594172337e-05
33                                    -2.6759118541441751e-04
34                                     5.7906571146158076e-05
35                                     8.9760774983172614e-05
36                                     3.2855932973959237e-04
37                                    -1.1613272146666909e-05
38                                    -5.7215903662425488e-05
39                                    -1.4446974559869166e-04
40                                     3.6042429962940270e-06
41                                    -1.7240062614689439e-05
42                                     2.3796943008562443e-04
43                                    -2.9610170301647143e-05
44                                    -8.2955803086912083e-05
45                                    -3.3836778152404601e-04
46                                     3.9336598798712930e-05
47                                     1.0929318736399574e-04
48                                     1.3401813981975264e-04
49                                    -6.2449091185003136e-05
50                                    -1.2982042879308014e-04
51                                    -6.8153282775845758e-05
52                                     4.1980991201180651e-05
53                                     5.0170061527819720e-05
54                                     1.0050809102851721e-05
55                                    -7.1559078642334517e-06
56                                    -4.6144713591114717e-06
57                                    -8.3588273235193911e-05
58                                    -2.0514767865555117e-05
59                                    -5.1058690861208178e-06
60                                     1.9390220692006715e-04
61                                     2.6727261377645917e-05
62                                     2.0644947651218132e-05
63                                    -8.6813137627001630e-05
64                                     1.7108946353400212e-06
65                                     8.8035811697310257e-05
66                                     2.6250346323769547e-04
67                                    -8.3810466170078368e-05
68                                    -1.4268758731225684e-04
69                                     4.5918039640213681e-05
70                                     2.0238273786396532e-04
71                                    -9.2055005915248067e-06
72                                    -4.3026041199711873e-05
73                                    -2.0728722431695434e-05
74                                    -5.2125298340421899e-05
75                                     1.0094354244473067e-04
76                                     8.6194194980349081e-06
77                                     6.5461117370213540e-05
78                                    -1.2420298093222815e-05
79                                    -1.4027267977008429e-04
80                                    -9.8145262558933799e-06
81                                    -3.0250475934634480e-05
82                                     1.1652796896352569e-04
83                                     7.6142992200156634e-05
84                                     7.8872346301328555e-06
85                                     7.8603566110030387e-06
86                                    -2.0134811518426887e-05
87                                    -3.2744596417888516e-05
88                                     8.3693914656408908e-05
89                                    -5.1597753313897821e-05
90                                     3.4249838765765261e-05
91                                     2.4473845610661904e-06
92                                     9.1328878768781596e-06
93                                    -7.8888246540509410e-06
94                                    -1.1352243189460820e-05
95                                    -3.7596224062574901e-06
96                                    -1.9655786159634286e-05
97                                     4.6208108539363968e-05
98                                    -6.3209873138320161e-05
99                                    -2.9166579133849124e-05
100                                    4.6530445341474991e-05
101                                   -2.3659503768515278e-05
102                                   -5.8528029800455905e-05
103                                   -9.0890960612322047e-06
104                                    4.8184152059961571e-05
105                                    3.6338299190981360e-05
106                                    4.4952138200105018e-06
107                                    1.0799022311214213e-05
108                                   -1.1851142974750317e-06
109                                   -6.2676465224509315e-06
110                                   -1.2050190211207457e-05
111                                   -5.7875740438473322e-06
112                                    2.9203510082120854e-06
113                                   -4.6263146022407220e-08
114                                    9.5082911739999276e-06
115                                    6.2023378455400291e-06
116                                    1.1516500383057515e-05
117                                    1.2524797183444125e-05
118                                    4.5058905318029474e-07
119                                   -1.7212851314896138e-05
120                                   -7.4769494260676361e-05
121                                    2.8879387341029794e-05
122                                    8.5842898720767113e-06
123                                   -1.7954648619741831e-05
124                                   -3.1057459593974990e-05
125                                    4.3523533576245860e-05
126                                   -6.2544668455954966e-05
127                                   -4.4312276144362062e-05
128                                   -3.9977188455525559e-05
129                                    2.1524007519646560e-05
130                                    7.5072707579657005e-05
131                                   -1.3063989371953078e-05
132                                   -1.8794674513574264e-05
133                                    1.2531882781885439e-05
134                                   -9.5521500908524182e-06
135                                   -1.1439353262213126e-05
136                                   -1.1153996079237005e-04
137                                    4.2490367987202404e-05
   &Method [&Type "String"] "SCF"
   &Level [&Type "String"] "Relaxed density"
   &Mult [&Type "Integer"] 1
   &State [&Type "Integer"] 0
   &Irrep [&Type "Integer"] 0
$End
$Geometry
   &GeometryIndex 10
   &NAtoms [&Type "Integer"] 46
   &NCorelessECP [&Type "Integer"] 0
   &NGhostAtoms [&Type "Integer"] 0
   &CartesianCoordinates [&Type "Coordinates", &Dim(46,4), &Units "Bohr"] 
              O    -10.840323118870   -5.675012979454    1.311577205984
              C    -10.557177114849   -3.517230292900    0.654136126504
              N    -11.954711732044   -2.286217098914   -1.212686069405
              C    -11.095987515049    0.137905378890   -1.817769351040
              O    -12.154921917363    1.602602738437   -3.194765526370
              C     -8.566118352248    0.392373822598   -0.471875063881
              C     -7.641354361166    2.938210464264    0.459014639168
              C     -5.164805609063    2.579147842100    1.944216669071
              C     -2.793479515506    2.531499926690    0.299153320482
              O     -2.466784238581    3.637842876166   -1.660711535800
              N     -0.990412703844    1.027402939648    1.534643721003
              C      1.579955065204    0.794101231592    0.736420217700
              C      2.712341606229   -1.575488531313    0.604182440173
              C      5.207912178882   -1.787347979002   -0.164994365839
              C      6.630427238215    0.340616683793   -0.828131294489
              C      9.295270565351    0.100792400274   -1.654839352265
              C     11.116217573917    1.869114725182   -0.909893475927
              C     13.613978461803    1.643357547944   -1.683775903625
              C     14.347488137024   -0.355191228448   -3.224609781802
              C     12.559867805001   -2.126348338629   -3.981939104218
              C     10.063399323077   -1.901379384161   -3.203979739031
              C      5.450348657628    2.702578323679   -0.684433180933
              C      2.959155103137    2.938180917927    0.091472562531
              C     -2.011025688624   -0.232837700627    3.638931812900
              O     -0.836377909618   -1.522316018282    5.097345264246
              C     -4.851440475449    0.219074758191    3.647415038350
              C     -6.183510397701   -2.224306273904    2.689958709713
              C     -8.770965702710   -1.513712026495    1.694714345860
              H    -13.472840339648   -3.080492991182   -2.055998464676
              H     -7.190979020872   -0.348203789027   -1.842956355218
              H     -9.064826068380    3.791949250061    1.687921212103
              H     -7.308301407282    4.244854513251   -1.098512758742
              H     -4.902716658536    4.248193708233    3.142059836842
              H      1.664671175875   -3.244086747699    1.140595572017
              H      6.076281536394   -3.638661613172   -0.206899843642
              H     10.580543647238    3.408806235528    0.327029899683
              H     14.993516632194    3.024516423899   -1.068708329723
              H     16.294234412648   -0.530689755162   -3.829606142868
              H     13.106473866359   -3.681507926146   -5.195067584484
              H      8.681802701053   -3.268088417377   -3.844679182277
              H      6.479901638050    4.383455670873   -1.230149697029
              H      2.080044698993    4.780367947940    0.155834604922
              H     -5.461107359753    0.583721899772    5.581390996048
              H     -5.084266042430   -3.098779245831    1.172506342524
              H     -6.277604374697   -3.591716658059    4.225741456385
              H     -9.851790620538   -0.622080399405    3.230716329623
$End
$SCF_Energy
   &GeometryIndex 10
   &Method [&Type "String"] "SCF"
   &totalEnergy [&Type "ArrayOfDoubles", &Dim (1,1)] "Total energy of each state"
                                                         0

0                                     -1.2594067538625027e+03
   &Mult [&Type "ArrayOfIntegers", &Dim (1,1)] "Multiplicity of each state"
                                                         0

0                                                        1
$End
$DFT_Energy
   &GeometryIndex 10
   &nAlphaEl [&Type "Integer"] 98
   &nBetaEl [&Type "Integer"] 98
   &nTotalEl [&Type "Integer"] 196
   &finalEn [&Type "Double"]      -1.2594067538625027e+03  "No Van der Waals correction"
   &eExchange [&Type "Double"]      -1.3267452048200835e+02
   &eCorr [&Type "Double"]      -7.9414373796319575e+00
   &eXC [&Type "Double"]      -1.4061595786164031e+02
   &eCNL [&Type "Double"]       0.0000000000000000e+00
$End
$SCF_Timings
   &GeometryIndex 10
   &TOTAL [&Type "Double"]       4.5954496999999996e+01
   &PREP [&Type "Double"]       3.5400399999999999e-01
   &FOCK [&Type "Double"]       3.9883690999999999e+01
   &DENS [&Type "Double"]       2.8511500000000467e-01
   &ETOT [&Type "Double"]       1.0442200000000490e-01
   &POP [&Type "Double"]       1.0000000045806701e-06
   &TRAFO [&Type "Double"]       6.1839600000000416e-01
   &DIIS [&Type "Double"]       1.8024620000000011e+00
   &SOSCF [&Type "Double"]       1.1599959999999960e+00
   &XC [&Type "Double"]       3.0894790000000025e+00
   &FOCKSTART [&Type "Double"]       4.2211000000003385e-02
   &INT_PREP [&Type "Double"]       9.9999999925159955e-07
   &INT_BF [&Type "Double"]       6.0825600000000790e-01
   &INT_DENS [&Type "Double"]       9.2037999999997844e-01
   &INT_DENSIO [&Type "Double"]       4.1180902201000034e+04
   &INT_FUNC [&Type "Double"]       4.1309000000157248e-02
   &INT_POT [&Type "Double"]       1.0446050000000167e+00
   &INT_POTIO [&Type "Double"]       6.5569999999910422e-03
   &INT_SUM [&Type "Double"]       1.0750000000019355e-03
   &SPLITRIJ [&Type "Double"]       3.5734029999999990e+00
   &COSX [&Type "Double"]       3.4873279999999994e+01
$End
$Single_Point_Data
   &GeometryIndex 10
   &FinalEnergy [&Type "Double"]      -1.2594067538625027e+03  "Final single point energy"
   &Converged [&Type "Boolean"] true
$End
$SCF_Nuc_Gradient
   &GeometryIndex 10
   &NAtoms [&Type "Integer"] 46
   &gradNorm [&Type "Double"]       6.2643822447625203e-04
   &grad [&Type "ArrayOfDoubles", &Dim (138,1)] 
                                                         0

0                                      5.7368210723440782e-05
1                                      7.2182315373869876e-05
2                                     -2.2554085676862456e-05
3                                     -1.5364908520040799e-04
4                                     -1.4268828992303195e-04
5                                      7.4085506013142621e-05
6                                     -5.7700696478035773e-06
7                                     -2.3584375731924845e-05
8                                     -2.7390406638665848e-05
9                                     -1.3809718991619757e-04
10                                     7.7786244630173584e-05
11                                    -3.8875079913347488e-05
12                                     6.8924489176169779e-05
13                                    -3.1144217302325750e-05
14                                     3.3305043964704240e-05
15                                     5.4101799945346918e-05
16                                    -7.3702522399021753e-07
17                                    -3.4467203764557142e-05
18                                     4.1136878838679558e-05
19                                     8.7643878227842975e-05
20                                     9.5512333624786505e-06
21                                    -1.1394079245945210e-04
22                                     1.4458719488658067e-05
23                                    -4.7457296280910277e-05
24                                     1.2000017876763469e-04
25                                     8.2300145924557588e-05
26                                    -1.0334751096041650e-04
27                                    -5.7381114675625344e-06
28                                    -6.1160254319680973e-05
29                                     6.3442790317780329e-05
30                                    -5.0308930111347960e-05
31                                     5.8288353823401223e-05
32                                     1.3402310681479707e-06
33                                     5.8096719058570168e-05
34                                    -2.0454674292784414e-06
35                                    -3.7159121910473186e-05
36                                     9.1947355409224829e-05
37                                     2.4132225230504012e-05
38                                    -2.9812483182123373e-05
39                                    -6.4150055244183157e-05
40                                     1.5828115586993818e-05
41                                    -1.7394987161384323e-06
42                                     2.0925292688322994e-05
43                                    -3.9601983268036656e-07
44                                    -1.7351418692732046e-05
45                                    -4.3754623585010033e-05
46                                     2.8050043795715268e-05
47                                     3.1210958275240674e-05
48                                    -1.2375679610758528e-05
49                                    -9.2227537076952637e-05
50                                    -7.1823498210141917e-05
51                                    -4.4865602627820744e-05
52                                     3.9929809085403889e-05
53                                     4.2640533497451116e-05
54                                     4.1640527061667654e-05
55                                    -8.9867479542704576e-06
56                                    -1.4296905449712183e-05
57                                    -6.5559220635183491e-05
58                                    -2.7648338173973108e-05
59                                    -7.6665499618433497e-06
60                                     5.3320754600474918e-05
61                                     7.1534508043993861e-05
62                                     4.6005454126669433e-05
63                                    -3.1803984092092924e-05
64                                    -2.8026736869593560e-05
65                                     3.3082047535954590e-05
66                                     6.6049765553209683e-05
67                                    -4.3006253084107438e-05
68                                    -1.6279619551131871e-05
69                                     5.4664162505629887e-05
70                                    -2.6862292793056186e-04
71                                     2.9197454770008013e-05
72                                    -2.2112720009848097e-05
73                                     1.2550710878972415e-04
74                                    -5.0343470267555368e-05
75                                    -5.5253912983027620e-05
76                                     1.5166570499269838e-05
77                                     1.7335734387158470e-04
78                                     6.3095623831450898e-05
79                                    -6.6846334912190608e-05
80                                     1.0341712388697161e-05
81                                     4.0828015106589288e-05
82                                     2.3733711923518142e-05
83                                     1.4078528936499468e-06
84                                     9.1229078361121374e-06
85                                     5.2364856928388548e-07
86                                    -2.3130597247983387e-05
87                                     1.5559763741845867e-05
88                                     1.6384587133433381e-05
89                                     2.0681489718676893e-05
90                                     1.0093219872636672e-05
91                                     6.2818175479845140e-06
92                                     4.6863047610534725e-07
93                                    -1.2474506844436378e-05
94                                     6.8258191938119772e-06
95                                     1.5945770452441277e-05
96                                    -3.6345433218933076e-05
97                                     1.5642434891799395e-05
98                                    -2.9810980659558672e-05
99                                     8.1731099443871358e-06
100                                   -1.4730671933443906e-05
101                                    4.0200122527270232e-06
102                                   -3.9779975054388128e-05
103                                   -1.3413129735628804e-05
104                                    1.6863043772158415e-05
105                                    4.2293890579025994e-05
106                                    1.8909868981537015e-05
107                                    4.0845745834794389e-06
108                                   -6.1013718624103319e-06
109                                   -5.5251647007592553e-07
110                                    4.0764838938611714e-06
111                                   -2.5380676815511816e-06
112                                    2.8730337836777031e-06
113                                    6.9875915512107589e-07
114                                   -5.0647642639845003e-06
115                                    3.5641093318328210e-06
116                                    5.7392105565212681e-07
117                                    2.0194412202911849e-05
118                                   -1.5319670161273446e-05
119                                   -1.9224602675727009e-05
120                                   -4.1059531811271643e-05
121                                    2.7671886619062835e-05
122                                    1.0487858267543837e-05
123                                    9.6300081516009772e-06
124                                    6.0866218267452421e-06
125                                   -4.9201688630852447e-06
126                                   -3.6557875076781432e-05
127                                   -9.3829477181631149e-06
128                                   -2.4537402510071971e-05
129                                   -2.0932916272309310e-06
130                                    1.5025932862497426e-05
131                                    9.1300605409294633e-07
132                                    1.5601281132466768e-05
133                                    5.8786019095369291e-06
134                                   -2.2678126422315259e-06
135                                    2.6626452675426737e-05
136                                   -1.1690657351667855e-05
137                                   -3.3260101598986402e-06
   &Method [&Type "String"] "SCF"
   &Level [&Type "String"] "Relaxed density"
   &Mult [&Type "Integer"] 1
   &State [&Type "Integer"] 0
   &Irrep [&Type "Integer"] 0
$End
$Geometry
   &GeometryIndex 11
   &NAtoms [&Type "Integer"] 46
   &NCorelessECP [&Type "Integer"] 0
   &NGhostAtoms [&Type "Integer"] 0
   &CartesianCoordinates [&Type "Coordinates", &Dim(46,4), &Units "Bohr"] 
              O    -10.841691972840   -5.674359395130    1.313182693551
              C    -10.557596632838   -3.516902520513    0.654942147831
              N    -11.955931471337   -2.285638929838   -1.211103537694
              C    -11.096576174372    0.138001860224   -1.817222655164
              O    -12.156285210319    1.603107189801   -3.193244873831
              C     -8.566506586163    0.392074293009   -0.471809297852
              C     -7.641082727478    2.937791328581    0.458477270737
              C     -5.164317903704    2.578800872250    1.943523871982
              C     -2.793598442770    2.530689650071    0.297971524384
              O     -2.466792666646    3.637819956322   -1.661502390459
              N     -0.990245127983    1.026814552181    1.533483030510
              C      1.580046788459    0.793681364072    0.735318229174
              C      2.712561826114   -1.575886351180    0.603513874160
              C      5.208449469338   -1.787528862398   -0.165327379937
              C      6.630605694380    0.340532598132   -0.828742627456
              C      9.295729837244    0.100897778021   -1.654959005486
              C     11.116447328843    1.868742291713   -0.908209429862
              C     13.614481712655    1.643214663514   -1.681557660791
              C     14.348218854642   -0.354503334744   -3.223319897639
              C     12.560789901735   -2.125132758439   -3.982291370321
              C     10.063969230721   -1.900494162253   -3.205075695513
              C      5.450282272711    2.702403991552   -0.685862124967
              C      2.958905800678    2.937936484203    0.090029549169
              C     -2.010738792717   -0.233258693358    3.637831190106
              O     -0.836435121265   -1.524292642150    5.095307812202
              C     -4.850978596581    0.219047080890    3.646705376134
              C     -6.184269867237   -2.224135866142    2.690576216530
              C     -8.771533163224   -1.513371056222    1.695201660491
              H    -13.475104254385   -3.079390242788   -2.053021057235
              H     -7.191797486166   -0.349342584525   -1.842903641269
              H     -9.064373179100    3.792034967200    1.687272201980
              H     -7.307933294800    4.243997118285   -1.099427015186
              H     -4.901627553285    4.247702129688    3.141475621134
              H      1.665035255874   -3.244493362081    1.140104332030
              H      6.077345670683   -3.638615073862   -0.207143651414
              H     10.580172743211    3.407645150033    0.329411942234
              H     14.994003993426    3.023861564719   -1.065276750481
              H     16.295156453681   -0.529828990210   -3.827772099490
              H     13.107759392129   -3.679606506901   -5.196151447964
              H      8.682341933801   -3.266681958987   -3.846797972045
              H      6.480056850876    4.383063642751   -1.231848450840
              H      2.079521521375    4.780007205117    0.153911975364
              H     -5.459585312689    0.584447280615    5.580918574893
              H     -5.085580455745   -3.100081951069    1.173536716597
              H     -6.278842935147   -3.590748981508    4.227066154236
              H     -9.852453824331   -0.621047956900    3.230804288014
$End
$SCF_Mulliken_Population_Analysis
   &GeometryIndex 11
   &NAtoms [&Type "Integer"] 46
   &ATNO [&Type "ArrayOfIntegers", &Dim (46,1)] 
                                                         0

0                                                        8
1                                                        6
2                                                        7
3                                                        6
4                                                        8
5                                                        6
6                                                        6
7                                                        6
8                                                        6
9                                                        8
10                                                       7
11                                                       6
12                                                       6
13                                                       6
14                                                       6
15                                                       6
16                                                       6
17                                                       6
18                                                       6
19                                                       6
20                                                       6
21                                                       6
22                                                       6
23                                                       6
24                                                       8
25                                                       6
26                                                       6
27                                                       6
28                                                       1
29                                                       1
30                                                       1
31                                                       1
32                                                       1
33                                                       1
34                                                       1
35                                                       1
36                                                       1
37                                                       1
38                                                       1
39                                                       1
40                                                       1
41                                                       1
42                                                       1
43                                                       1
44                                                       1
45                                                       1
   &AtomicCharges [&Type "ArrayOfDoubles", &Dim (46,1)] 
                                                         0

0                                     -2.7277939616797653e-01
1                                      1.9310906833867314e-01
2                                     -2.1284689884965857e-01
3                                      1.8432185036686555e-01
4                                     -2.6807455092201593e-01
5                                     -8.1202860385639397e-02
6                                     -2.1237701480391813e-01
7                                      5.7855804834174407e-02
8                                      1.0060725479984711e-01
9                                     -2.8847934397889219e-01
10                                    -5.5409885779337031e-02
11                                     2.0187252606285355e-01
12                                    -1.8011844060270388e-01
13                                    -1.8450985155821353e-01
14                                     1.7581608800044446e-01
15                                     1.4175390739606186e-01
16                                    -1.9404437469716918e-01
17                                    -1.1163548737271434e-01
18                                    -1.0387780346097397e-01
19                                    -1.1136894994840141e-01
20                                    -1.9503759068047533e-01
21                                    -1.8802920110695531e-01
22                                    -1.7133141575943256e-01
23                                     1.6391578707927223e-01
24                                    -2.8413824698554713e-01
25                                     2.0723025412533680e-02
26                                    -3.4130546604394674e-01
27                                     4.9958594881355900e-02
28                                     2.2507596543541597e-01
29                                     1.0899775746421181e-01
30                                     1.0721581528633739e-01
31                                     1.3543899753936861e-01
32                                     9.9116994585305651e-02
33                                     1.2242337942390946e-01
34                                     1.2309677225224369e-01
35                                     1.1919606878237921e-01
36                                     1.0820141944257022e-01
37                                     1.0945916824236124e-01
38                                     1.0843403660400242e-01
39                                     1.1937916660213865e-01
40                                     1.2278074253998950e-01
41                                     1.1982242445702962e-01
42                                     9.6176589215460351e-02
43                                     1.1837030238628443e-01
44                                     1.3795387275352189e-01
45                                     8.5493398918876862e-02
   &Method [&Type "String"] "SCF"
   &Level [&Type "String"] "Relaxed density"
   &Mult [&Type "Integer"] 1
   &State [&Type "Integer"] -1
   &Irrep [&Type "Integer"] 0
$End
$SCF_Loewdin_Population_Analysis
   &GeometryIndex 11
   &NAtoms [&Type "Integer"] 46
   &ATNO [&Type "ArrayOfIntegers", &Dim (46,1)] 
                                                         0

0                                                        8
1                                                        6
2                                                        7
3                                                        6
4                                                        8
5                                                        6
6                                                        6
7                                                        6
8                                                        6
9                                                        8
10                                                       7
11                                                       6
12                                                       6
13                                                       6
14                                                       6
15                                                       6
16                                                       6
17                                                       6
18                                                       6
19                                                       6
20                                                       6
21                                                       6
22                                                       6
23                                                       6
24                                                       8
25                                                       6
26                                                       6
27                                                       6
28                                                       1
29                                                       1
30                                                       1
31                                                       1
32                                                       1
33                                                       1
34                                                       1
35                                                       1
36                                                       1
37                                                       1
38                                                       1
39                                                       1
40                                                       1
41                                                       1
42                                                       1
43                                                       1
44                                                       1
45                                                       1
   &AtomicCharges [&Type "ArrayOfDoubles", &Dim (46,1)] 
                                                         0

0                                      1.2033866361271706e-01
1                                     -3.8137169675863092e-01
2                                      1.9786775432332249e-01
3                                     -3.7886994030401500e-01
4                                      1.2344204410223458e-01
5                                     -1.7553953762475594e-01
6                                     -1.8366611865550819e-01
7                                     -1.6313262169844300e-01
8                                     -3.5513782599744115e-01
9                                      1.3335864462302016e-01
10                                     2.9547656115729737e-01
11                                    -1.5207832955365053e-01
12                                    -9.2050336098733254e-02
13                                    -9.1317027360441116e-02
14                                    -9.1677460242187259e-02
15                                    -9.7996111322800949e-02
16                                    -1.0019484494822084e-01
17                                    -1.3655468270008342e-01
18                                    -1.3825609152772689e-01
19                                    -1.3645953156882484e-01
20                                    -1.0007396461712226e-01
21                                    -9.1492698015186669e-02
22                                    -9.1516665753791138e-02
23                                    -3.5472293150537215e-01
24                                     1.3535922711045156e-01
25                                    -1.5550364772656344e-01
26                                    -1.7540620778612137e-01
27                                    -1.7751353450691720e-01
28                                     1.9206252608650765e-01
29                                     1.7976941913594968e-01
30                                     1.4467813131443219e-01
31                                     1.5619072118177102e-01
32                                     1.7609490286331186e-01
33                                     1.5217101175815140e-01
34                                     1.5042252192373584e-01
35                                     1.4715693884801651e-01
36                                     1.4296165164715557e-01
37                                     1.4199662252493783e-01
38                                     1.4301768290251360e-01
39                                     1.4721736991085110e-01
40                                     1.5032403186105436e-01
41                                     1.5218626404680125e-01
42                                     1.6189927913305102e-01
43                                     1.4750934695233242e-01
44                                     1.5177003955332113e-01
45                                     1.7726044969909427e-01
   &Method [&Type "String"] "SCF"
   &Level [&Type "String"] "Relaxed density"
   &Mult [&Type "Integer"] 1
   &State [&Type "Integer"] -1
   &Irrep [&Type "Integer"] 0
$End
$SCF_Mayer_Population_Analysis
   &GeometryIndex 11
   &NAtoms [&Type "Integer"] 46 "Total number of atoms"
   &NBondOrdersPrint [&Type "Integer"] 50 "The number of bond orders larger than threshold"
   &bondThresh [&Type "Double"]       1.0000000000000001e-01  "The threshold for printing"
   &components [&Type "ArrayOfIntegers", &Dim (50,4)] "The indices and atomic numbers of the bonding atoms"
                                                         0                           1                           2                           3

0                                                        0                           8                           1                           6
1                                                        1                           6                           2                           7
2                                                        1                           6                          27                           6
3                                                        2                           7                           3                           6
4                                                        2                           7                          28                           1
5                                                        3                           6                           4                           8
6                                                        3                           6                           5                           6
7                                                        5                           6                           6                           6
8                                                        5                           6                          27                           6
9                                                        5                           6                          29                           1
10                                                       6                           6                           7                           6
11                                                       6                           6                          30                           1
12                                                       6                           6                          31                           1
13                                                       7                           6                           8                           6
14                                                       7                           6                          25                           6
15                                                       7                           6                          32                           1
16                                                       8                           6                           9                           8
17                                                       8                           6                          10                           7
18                                                      10                           7                          11                           6
19                                                      10                           7                          23                           6
20                                                      11                           6                          12                           6
21                                                      11                           6                          22                           6
22                                                      12                           6                          13                           6
23                                                      12                           6                          33                           1
24                                                      13                           6                          14                           6
25                                                      13                           6                          34                           1
26                                                      14                           6                          15                           6
27                                                      14                           6                          21                           6
28                                                      15                           6                          16                           6
29                                                      15                           6                          20                           6
30                                                      16                           6                          17                           6
31                                                      16                           6                          35                           1
32                                                      17                           6                          18                           6
33                                                      17                           6                          36                           1
34                                                      18                           6                          19                           6
35                                                      18                           6                          37                           1
36                                                      19                           6                          20                           6
37                                                      19                           6                          38                           1
38                                                      20                           6                          39                           1
39                                                      21                           6                          22                           6
40                                                      21                           6                          40                           1
41                                                      22                           6                          41                           1
42                                                      23                           6                          24                           8
43                                                      23                           6                          25                           6
44                                                      25                           6                          26                           6
45                                                      25                           6                          42                           1
46                                                      26                           6                          27                           6
47                                                      26                           6                          43                           1
48                                                      26                           6                          44                           1
49                                                      27                           6                          45                           1
   &BondOrders [&Type "ArrayOfDoubles", &Dim (50,1)] "The bond orders"
                                                         0

0                                      2.1883055436644225e+00
1                                      1.1266192732682130e+00
2                                      9.0459958177707211e-01
3                                      1.1218407633661389e+00
4                                      8.9674796471632656e-01
5                                      2.2001714085153821e+00
6                                      9.0845048833279274e-01
7                                      1.0058530121175966e+00
8                                      9.0425243514358300e-01
9                                      9.2667154420970932e-01
10                                     9.4459878858283475e-01
11                                     9.5985644944212045e-01
12                                     9.4818534906849927e-01
13                                     9.6421923853469849e-01
14                                     9.5745298119237854e-01
15                                     9.2458475439981891e-01
16                                     2.0996328553164623e+00
17                                     1.0829899634743556e+00
18                                     9.0156549915919471e-01
19                                     1.0701458621248847e+00
20                                     1.3889615229520080e+00
21                                     1.3826332430305797e+00
22                                     1.4475278052696277e+00
23                                     9.5659107405610522e-01
24                                     1.3614310155617604e+00
25                                     9.6012438440257386e-01
26                                     9.0077665226063719e-01
27                                     1.3620207930367090e+00
28                                     1.3724886920593495e+00
29                                     1.3728710737667420e+00
30                                     1.4398701738397488e+00
31                                     9.5345310931313110e-01
32                                     1.4025994439128284e+00
33                                     9.7069314563396403e-01
34                                     1.4025455010979213e+00
35                                     9.6836405775853918e-01
36                                     1.4402216187003656e+00
37                                     9.7049658290449248e-01
38                                     9.5349375410256765e-01
39                                     1.4511054971080786e+00
40                                     9.6041396663197898e-01
41                                     9.5882525238553473e-01
42                                     2.1145483585059885e+00
43                                     9.6303523098926724e-01
44                                     9.4777971371016290e-01
45                                     9.3522673827317937e-01
46                                     9.3341395539334338e-01
47                                     9.6186329555919881e-01
48                                     9.6923494770291641e-01
49                                     9.1985496390905541e-01
   &ATNO [&Type "ArrayOfIntegers", &Dim (46,1)] "Atomic number of the elements"
                                                         0

0                                                        8
1                                                        6
2                                                        7
3                                                        6
4                                                        8
5                                                        6
6                                                        6
7                                                        6
8                                                        6
9                                                        8
10                                                       7
11                                                       6
12                                                       6
13                                                       6
14                                                       6
15                                                       6
16                                                       6
17                                                       6
18                                                       6
19                                                       6
20                                                       6
21                                                       6
22                                                       6
23                                                       6
24                                                       8
25                                                       6
26                                                       6
27                                                       6
28                                                       1
29                                                       1
30                                                       1
31                                                       1
32                                                       1
33                                                       1
34                                                       1
35                                                       1
36                                                       1
37                                                       1
38                                                       1
39                                                       1
40                                                       1
41                                                       1
42                                                       1
43                                                       1
44                                                       1
45                                                       1
   &NA [&Type "ArrayOfDoubles", &Dim (46,1)] "Mulliken gross atomic population"
                                                         0

0                                      8.2727793961679748e+00
1                                      5.8068909316613304e+00
2                                      7.2128468988496612e+00
3                                      5.8156781496331327e+00
4                                      8.2680745509220159e+00
5                                      6.0812028603856367e+00
6                                      6.2123770148039199e+00
7                                      5.9421441951658256e+00
8                                      5.8993927452001538e+00
9                                      8.2884793439788993e+00
10                                     7.0554098857793379e+00
11                                     5.7981274739371429e+00
12                                     6.1801184406027039e+00
13                                     6.1845098515582171e+00
14                                     5.8241839119995555e+00
15                                     5.8582460926039417e+00
16                                     6.1940443746971763e+00
17                                     6.1116354873727126e+00
18                                     6.1038778034609793e+00
19                                     6.1113689499484032e+00
20                                     6.1950375906804744e+00
21                                     6.1880292011069535e+00
22                                     6.1713314157594334e+00
23                                     5.8360842129207287e+00
24                                     8.2841382469855507e+00
25                                     5.9792769745874654e+00
26                                     6.3413054660439414e+00
27                                     5.9500414051186405e+00
28                                     7.7492403456458336e-01
29                                     8.9100224253578841e-01
30                                     8.9278418471366283e-01
31                                     8.6456100246063139e-01
32                                     9.0088300541469513e-01
33                                     8.7757662057609065e-01
34                                     8.7690322774775664e-01
35                                     8.8080393121762046e-01
36                                     8.9179858055742922e-01
37                                     8.9054083175763887e-01
38                                     8.9156596339599781e-01
39                                     8.8062083339786168e-01
40                                     8.7721925746001039e-01
41                                     8.8017757554297071e-01
42                                     9.0382341078453965e-01
43                                     8.8162969761371546e-01
44                                     8.6204612724647811e-01
45                                     9.1450660108112281e-01
   &ZA [&Type "ArrayOfDoubles", &Dim (46,1)] "Total nuclear charge"
                                                         0

0                                      8.0000000000000000e+00
1                                      6.0000000000000000e+00
2                                      7.0000000000000000e+00
3                                      6.0000000000000000e+00
4                                      8.0000000000000000e+00
5                                      6.0000000000000000e+00
6                                      6.0000000000000000e+00
7                                      6.0000000000000000e+00
8                                      6.0000000000000000e+00
9                                      8.0000000000000000e+00
10                                     7.0000000000000000e+00
11                                     6.0000000000000000e+00
12                                     6.0000000000000000e+00
13                                     6.0000000000000000e+00
14                                     6.0000000000000000e+00
15                                     6.0000000000000000e+00
16                                     6.0000000000000000e+00
17                                     6.0000000000000000e+00
18                                     6.0000000000000000e+00
19                                     6.0000000000000000e+00
20                                     6.0000000000000000e+00
21                                     6.0000000000000000e+00
22                                     6.0000000000000000e+00
23                                     6.0000000000000000e+00
24                                     8.0000000000000000e+00
25                                     6.0000000000000000e+00
26                                     6.0000000000000000e+00
27                                     6.0000000000000000e+00
28                                     1.0000000000000000e+00
29                                     1.0000000000000000e+00
30                                     1.0000000000000000e+00
31                                     1.0000000000000000e+00
32                                     1.0000000000000000e+00
33                                     1.0000000000000000e+00
34                                     1.0000000000000000e+00
35                                     1.0000000000000000e+00
36                                     1.0000000000000000e+00
37                                     1.0000000000000000e+00
38                                     1.0000000000000000e+00
39                                     1.0000000000000000e+00
40                                     1.0000000000000000e+00
41                                     1.0000000000000000e+00
42                                     1.0000000000000000e+00
43                                     1.0000000000000000e+00
44                                     1.0000000000000000e+00
45                                     1.0000000000000000e+00
   &QA [&Type "ArrayOfDoubles", &Dim (46,1)] "Mulliken gross atomic charge"
                                                         0

0                                     -2.7277939616797475e-01
1                                      1.9310906833866959e-01
2                                     -2.1284689884966124e-01
3                                      1.8432185036686732e-01
4                                     -2.6807455092201593e-01
5                                     -8.1202860385636733e-02
6                                     -2.1237701480391991e-01
7                                      5.7855804834174407e-02
8                                      1.0060725479984622e-01
9                                     -2.8847934397889929e-01
10                                    -5.5409885779337920e-02
11                                     2.0187252606285710e-01
12                                    -1.8011844060270388e-01
13                                    -1.8450985155821709e-01
14                                     1.7581608800044446e-01
15                                     1.4175390739605831e-01
16                                    -1.9404437469717628e-01
17                                    -1.1163548737271256e-01
18                                    -1.0387780346097930e-01
19                                    -1.1136894994840318e-01
20                                    -1.9503759068047444e-01
21                                    -1.8802920110695354e-01
22                                    -1.7133141575943345e-01
23                                     1.6391578707927135e-01
24                                    -2.8413824698555068e-01
25                                     2.0723025412534568e-02
26                                    -3.4130546604394141e-01
27                                     4.9958594881359453e-02
28                                     2.2507596543541664e-01
29                                     1.0899775746421159e-01
30                                     1.0721581528633717e-01
31                                     1.3543899753936861e-01
32                                     9.9116994585304874e-02
33                                     1.2242337942390935e-01
34                                     1.2309677225224336e-01
35                                     1.1919606878237954e-01
36                                     1.0820141944257078e-01
37                                     1.0945916824236113e-01
38                                     1.0843403660400219e-01
39                                     1.1937916660213832e-01
40                                     1.2278074253998961e-01
41                                     1.1982242445702929e-01
42                                     9.6176589215460351e-02
43                                     1.1837030238628454e-01
44                                     1.3795387275352189e-01
45                                     8.5493398918877195e-02
   &VA [&Type "ArrayOfDoubles", &Dim (46,1)] "Mayer's total valence"
                                                         0

0                                      2.2254172158290388e+00
1                                      4.3330551818910674e+00
2                                      3.0990123771320426e+00
3                                      4.3367795721656872e+00
4                                      2.2303030946782321e+00
5                                      3.7206544472729419e+00
6                                      4.0107415715654859e+00
7                                      3.7581779333820933e+00
8                                      4.3000746712433475e+00
9                                      2.2075146544637199e+00
10                                     3.1099932857198160e+00
11                                     3.7600826578601310e+00
12                                     3.9956489193738784e+00
13                                     3.9490878582111222e+00
14                                     3.6750177292356083e+00
15                                     3.6744167479587686e+00
16                                     3.9613046756044614e+00
17                                     3.9243843903065740e+00
18                                     3.9198145799578556e+00
19                                     3.9247507049489507e+00
20                                     3.9625739036662502e+00
21                                     3.9551254290449598e+00
22                                     3.9940554088566058e+00
23                                     4.2599890364125885e+00
24                                     2.2067775810659995e+00
25                                     3.8237427282613572e+00
26                                     4.0161038329731706e+00
27                                     3.5555218177604115e+00
28                                     9.7334196880044188e-01
29                                     9.7635129203008808e-01
30                                     9.7021156721578139e-01
31                                     9.9723459799011094e-01
32                                     9.6730760055918508e-01
33                                     9.9085709004650557e-01
34                                     9.7755558353637051e-01
35                                     9.7578400845652924e-01
36                                     9.7133705017155358e-01
37                                     9.6910518716518235e-01
38                                     9.7126699796645599e-01
39                                     9.7583338599722846e-01
40                                     9.7723309552395865e-01
41                                     9.8915004249402416e-01
42                                     9.7619021369704739e-01
43                                     9.7336129129809956e-01
44                                     9.8699372926298967e-01
45                                     9.8334526917468523e-01
   &BVA [&Type "ArrayOfDoubles", &Dim (46,1)] "Mayer's bonded valence"
                                                         0

0                                      2.2254172158289336e+00
1                                      4.3330551818909750e+00
2                                      3.0990123771319897e+00
3                                      4.3367795721657547e+00
4                                      2.2303030946782858e+00
5                                      3.7206544472729917e+00
6                                      4.0107415715654309e+00
7                                      3.7581779333818730e+00
8                                      4.3000746712432285e+00
9                                      2.2075146544636475e+00
10                                     3.1099932857198231e+00
11                                     3.7600826578602700e+00
12                                     3.9956489193738438e+00
13                                     3.9490878582112825e+00
14                                     3.6750177292354760e+00
15                                     3.6744167479590275e+00
16                                     3.9613046756045023e+00
17                                     3.9243843903067335e+00
18                                     3.9198145799580608e+00
19                                     3.9247507049491355e+00
20                                     3.9625739036666339e+00
21                                     3.9551254290451743e+00
22                                     3.9940554088567595e+00
23                                     4.2599890364126010e+00
24                                     2.2067775810659924e+00
25                                     3.8237427282612515e+00
26                                     4.0161038329730490e+00
27                                     3.5555218177602215e+00
28                                     9.7334196880043067e-01
29                                     9.7635129203010085e-01
30                                     9.7021156721577673e-01
31                                     9.9723459799011338e-01
32                                     9.6730760055916809e-01
33                                     9.9085709004647471e-01
34                                     9.7755558353640382e-01
35                                     9.7578400845655344e-01
36                                     9.7133705017156569e-01
37                                     9.6910518716522487e-01
38                                     9.7126699796646743e-01
39                                     9.7583338599725600e-01
40                                     9.7723309552401461e-01
41                                     9.8915004249408822e-01
42                                     9.7619021369703884e-01
43                                     9.7336129129809790e-01
44                                     9.8699372926299023e-01
45                                     9.8334526917467990e-01
   &FA [&Type "ArrayOfDoubles", &Dim (46,1)] "Mayer's free valence"
                                                         0

0                                      0.0000000000000000e+00
1                                      0.0000000000000000e+00
2                                      0.0000000000000000e+00
3                                      0.0000000000000000e+00
4                                      0.0000000000000000e+00
5                                      0.0000000000000000e+00
6                                      0.0000000000000000e+00
7                                      0.0000000000000000e+00
8                                      0.0000000000000000e+00
9                                      0.0000000000000000e+00
10                                     0.0000000000000000e+00
11                                     0.0000000000000000e+00
12                                     0.0000000000000000e+00
13                                     0.0000000000000000e+00
14                                     0.0000000000000000e+00
15                                     0.0000000000000000e+00
16                                     0.0000000000000000e+00
17                                     0.0000000000000000e+00
18                                     0.0000000000000000e+00
19                                     0.0000000000000000e+00
20                                     0.0000000000000000e+00
21                                     0.0000000000000000e+00
22                                     0.0000000000000000e+00
23                                     0.0000000000000000e+00
24                                     0.0000000000000000e+00
25                                     0.0000000000000000e+00
26                                     0.0000000000000000e+00
27                                     0.0000000000000000e+00
28                                     0.0000000000000000e+00
29                                     0.0000000000000000e+00
30                                     0.0000000000000000e+00
31                                     0.0000000000000000e+00
32                                     0.0000000000000000e+00
33                                     0.0000000000000000e+00
34                                     0.0000000000000000e+00
35                                     0.0000000000000000e+00
36                                     0.0000000000000000e+00
37                                     0.0000000000000000e+00
38                                     0.0000000000000000e+00
39                                     0.0000000000000000e+00
40                                     0.0000000000000000e+00
41                                     0.0000000000000000e+00
42                                     0.0000000000000000e+00
43                                     0.0000000000000000e+00
44                                     0.0000000000000000e+00
45                                     0.0000000000000000e+00
   &Method [&Type "String"] "SCF"
   &Level [&Type "String"] "Relaxed density"
   &Mult [&Type "Integer"] 1
   &State [&Type "Integer"] -1
   &Irrep [&Type "Integer"] 0
$End
$SCF_Energy
   &GeometryIndex 11
   &Method [&Type "String"] "SCF"
   &totalEnergy [&Type "ArrayOfDoubles", &Dim (1,1)] "Total energy of each state"
                                                         0

0                                     -1.2594067575012564e+03
   &Mult [&Type "ArrayOfIntegers", &Dim (1,1)] "Multiplicity of each state"
                                                         0

0                                                        1
$End
$DFT_Energy
   &GeometryIndex 11
   &nAlphaEl [&Type "Integer"] 98
   &nBetaEl [&Type "Integer"] 98
   &nTotalEl [&Type "Integer"] 196
   &finalEn [&Type "Double"]      -1.2594067575012564e+03  "No Van der Waals correction"
   &eExchange [&Type "Double"]      -1.3267445468281124e+02
   &eCorr [&Type "Double"]      -7.9414379702081899e+00
   &eXC [&Type "Double"]      -1.4061589265301944e+02
   &eCNL [&Type "Double"]       0.0000000000000000e+00
$End
$SCF_Timings
   &GeometryIndex 11
   &TOTAL [&Type "Double"]       3.7336931999999997e+01
   &PREP [&Type "Double"]       3.5423800000000000e-01
   &FOCK [&Type "Double"]       3.2820450000000001e+01
   &DENS [&Type "Double"]       1.4160300000000348e-01
   &ETOT [&Type "Double"]       6.9149000000000349e-02
   &POP [&Type "Double"]       2.3776900000000012e-01
   &TRAFO [&Type "Double"]       3.1120800000000060e-01
   &DIIS [&Type "Double"]       3.6328199999999988e-01
   &SOSCF [&Type "Double"]       1.1472819999999953e+00
   &XC [&Type "Double"]       2.0759370000000006e+00
   &FOCKSTART [&Type "Double"]       3.4067000000006453e-02
   &INT_PREP [&Type "Double"]       2.0000000020559128e-06
   &INT_BF [&Type "Double"]       4.1271100000002203e-01
   &INT_DENS [&Type "Double"]       6.5631099999999343e-01
   &INT_DENSIO [&Type "Double"]       2.4032764116000017e+04
   &INT_FUNC [&Type "Double"]       2.7952999999964590e-02
   &INT_POT [&Type "Double"]       7.7240900000000501e-01
   &INT_POTIO [&Type "Double"]       4.2600000000208027e-03
   &INT_SUM [&Type "Double"]       6.2499999999676703e-04
   &SPLITRIJ [&Type "Double"]       2.3735790000000025e+00
   &COSX [&Type "Double"]       3.0334434999999996e+01
$End
$Single_Point_Data
   &GeometryIndex 11
   &FinalEnergy [&Type "Double"]      -1.2594067575012564e+03  "Final single point energy"
   &Converged [&Type "Boolean"] true
$End
$SCF_Dipole_Moment
   &GeometryIndex 11
   &dipoleMagnitude [&Type "Double", &Units "a.u."]       6.5897981672307770e-01
   &dipoleElecContrib [&Type "ArrayOfDoubles", &Dim (3,1)] "Electronic contribution"
                                                         0

0                                     -1.1187277996339452e+01
1                                     -1.2112393967699728e+00
2                                      3.4327384613520434e-01
   &dipoleNucContrib [&Type "ArrayOfDoubles", &Dim (3,1)] "Nuclear contribution"
                                                         0

0                                      1.1513282757209655e+01
1                                      1.6047807433064882e+00
2                                      7.2779639975137922e-02
   &dipoleTotal [&Type "ArrayOfDoubles", &Dim (3,1)] "Total"
                                                         0

0                                      3.2600476087020347e-01
1                                      3.9354134653651540e-01
2                                      4.1605348611034226e-01
   &doAtomicDipole [&Type "Boolean"] false
   &Method [&Type "String"] "SCF"
   &Level [&Type "String"] "Relaxed density"
   &Mult [&Type "Integer"] 1
   &State [&Type "Integer"] -1
   &Irrep [&Type "Integer"] 0
$End
$SCF_Polarizability
   &GeometryIndex 11
   &isotropicPolar [&Type "Double"]       2.8126693355864842e+02
   &rawCartesian [&Type "ArrayOfDoubles", &Units "a.u", &Dim (3,3)] 
                                                         0                           1                           2

0                                      3.9681634379920160e+02         1.0632632333683993e+00        -3.2846224871370211e+01
1                                      1.0632632333683993e+00         2.4278886225680492e+02        -5.2305586852397266e+00
2                                     -3.2846224871370211e+01        -5.2305586852397266e+00         2.0419559461993830e+02
   &diagonalizedTensor [&Type "ArrayOfDoubles", &Dim (3,1)] 
                                                         0

0                                      1.9819091494569136e+02
1                                      2.4332378257128133e+02
2                                      4.0228610315897265e+02
   &orientation [&Type "ArrayOfDoubles", &Dim (3,3)] 
                                                         0                           1                           2

0                                      1.6156168887970029e-01        -2.9933250764016584e-02        -9.8640854679237144e-01
1                                      1.1115340236084201e-01         9.9373141296540080e-01        -1.1949896627074685e-02
2                                      9.8058285821747238e-01        -1.0771202061277781e-01         1.6387610803764172e-01
   &doAtomicPolar [&Type "Boolean"] false
   &Method [&Type "String"] "SCF"
   &Level [&Type "String"] "Relaxed density"
   &Mult [&Type "Integer"] 1
   &State [&Type "Integer"] -1
   &Irrep [&Type "Integer"] 0
$End
$Calculation_Info
   &GeometryIndex 11
   &Mult [&Type "Integer"] 1
   &Charge [&Type "Integer"] 0
   &NumOfAtoms [&Type "Integer"] 46
   &NumOfElectrons [&Type "Integer"] 196
   &NumOfBasisFuncts [&Type "Integer"] 976
   &NumOfAuxCBasisFuncts [&Type "Integer"] 0
   &NumOfAuxJBasisFuncts [&Type "Integer"] 1570
   &NumOfAuxJKBasisFuncts [&Type "Integer"] 0
   &NumOfCABSBasisFuncts [&Type "Integer"] 0
$End
$Calculation_Timings
   &GeometryIndex 11
   &GTOINT [&Type "Double"]       3.1021945000000123e+01
   &SCF [&Type "Double"]       6.3070783199999983e+02
   &SCFGRAD [&Type "Double"]       2.3889881800000015e+02
   &GSTEP [&Type "Double"]       1.8635900000001859e-01
   &RESPONSE [&Type "Double"]       4.0387141000000042e+01
   &PROP [&Type "Double"]       4.8970099999996819e-01
   &SUM [&Type "Double"]       9.4169179600000007e+02
$End
